rank,base_seed,verified_sister_seed,verified_sister_high32,verified_portal_tp,no_sister_found_high32_0_65535,eyes,pearls,total,pearl_radius,fortress_distance,blaze_spawner_distance,portal_y,origin_distance,portal_tp,portal_x,portal_y_coord,portal_z,stronghold_x,stronghold_z,chests,source_status
1,2209022,4297176318,1,/tp @s -1433 -24 145,no,7,6,13,35.128,415.247,477.248,-24,1440.317,/tp @s -1433 -24 145,-1433,-24,145,-1388,164,"-1404,-25,159:1;-1412,-21,173:1;-1431,-39,160:1;-1450,-37,169:3",added
2,3144125,532579088829,124,/tp @s 745 28 1182,no,6,6,12,39.064,425.131,510.037,28,1397.193,/tp @s 745 28 1182,745,28,1182,756,1140,"739,27,1169:1;726,31,1148:2;721,27,1169:2;751,27,1167:1",added
3,4700145,,,,yes,6,6,12,51.176,276.365,432.887,35,1407.645,/tp @s -1341 35 -428,-1341,35,-428,-1372,-412,"-1348,28,-438:2;-1345,20,-441:2;-1352,14,-448:1;-1308,14,-461:1",added
4,7720356,7720356,0,/tp @s 97 -27 764,no,7,5,12,68.608,354.446,370.005,-27,770.133,/tp @s 97 -27 764,97,-27,764,116,804,"113,-22,786:1;107,-24,759:1;132,-26,823:3",added
5,11258257,21486094737,5,/tp @s -346 -16 1331,no,4,8,12,71.183,127.308,230.034,-16,1375.237,/tp @s -346 -16 1331,-346,-16,1331,-380,1348,"-364,-23,1298:3;-402,-27,1338:2;-409,-13,1364:1;-347,-29,1314:2",added
6,15396992,17195266176,4,/tp @s -369 -26 751,no,7,5,12,39.23,153.370,189.357,-26,836.757,/tp @s -369 -26 751,-369,-26,751,-364,708,"-373,-25,714:1;-356,-25,714:2;-380,-23,720:1;-362,-27,732:1",added
7,15903651,21490740131,5,/tp @s 42 -45 735,no,8,4,12,53.085,622.972,715.541,-45,736.199,/tp @s 42 -45 735,42,-45,735,68,756,"70,-48,780:2;56,-46,736:1;53,-48,780:1",added
8,17493585,,,,yes,8,4,12,84.87,555.783,632.950,-24,965.466,/tp @s 754 -24 603,754,-24,603,804,676,"785,-25,682:1;743,-31,608:1;748,-37,631:2",added
9,22636202,4317603498,1,/tp @s -861 33 -231,no,8,5,13,42.497,6.125,17.879,33,891.449,/tp @s -861 33 -231,-861,33,-231,-892,-236,"-880,34,-269:1;-899,32,-233:1;-886,32,-198:1;-880,32,-233:2",added
10,24153816,51563761368,12,/tp @s -456 32 -1405,no,6,6,12,35.242,152.809,156.813,32,1477.146,/tp @s -456 32 -1405,-456,32,-1405,-476,-1404,"-475,37,-1390:1;-461,39,-1377:2;-487,37,-1389:2;-462,39,-1416:1",added
11,32797533,51572405085,12,/tp @s 763 37 384,no,4,8,12,39.23,446.584,534.176,37,854.181,/tp @s 763 37 384,763,37,384,756,404,"784,34,417:1;787,34,396:3;777,36,385:1;794,34,391:3",added
12,33429954,34393168322,8,/tp @s 317 -30 -1379,no,6,6,12,83.108,255.577,289.405,-30,1414.966,/tp @s 317 -30 -1379,317,-30,-1379,340,-1420,"324,-35,-1409:1;322,-29,-1403:2;332,-19,-1460:2;327,-29,-1382:1",added
13,38155088,21512991568,5,/tp @s 720 -38 866,no,6,6,12,56.524,225.357,255.176,-38,1126.213,/tp @s 720 -38 866,720,-38,866,724,820,"732,-39,845:2;701,-43,813:2;702,-39,856:2",added
14,40752435,12925654323,3,/tp @s -377 2 -1410,no,8,4,12,64.452,296.950,320.232,2,1459.53,/tp @s -377 2 -1410,-377,2,-1410,-364,-1436,"-353,-3,-1459:1;-380,1,-1418:1;-334,1,-1458:2",added
15,47613288,,,,yes,7,5,12,41.677,328.603,488.269,-21,1421.167,/tp @s 1390 -21 -296,1390,-21,-296,1380,-332,"1399,-22,-311:1;1407,-22,-306:2;1350,-32,-300:2",added
16,48040445,25817844221,6,/tp @s -1040 7 -321,no,7,5,12,46.411,206.436,327.573,7,1088.412,/tp @s -1040 7 -321,-1040,7,-321,-1036,-364,"-1022,0,-341:2;-1033,-6,-365:2;-1010,0,-341:1",added
17,54455449,,,,yes,6,6,12,56.524,506.190,553.774,41,1008.62,/tp @s 655 41 -767,655,41,-767,676,-764,"669,34,-752:2;669,42,-807:1;708,46,-786:1;671,32,-809:2",added
18,54544714,30119315786,7,/tp @s -1441 -2 6,no,7,5,12,72.298,143.423,155.051,-2,1441.012,/tp @s -1441 -2 6,-1441,-2,6,-1436,52,"-1440,-3,27:1;-1445,-3,26:2;-1508,-5,33:2",added
19,61638042,4356605338,1,/tp @s 815 -25 -815,no,6,6,12,89.861,360.902,364.854,-25,1152.584,/tp @s 815 -25 -815,815,-25,-815,804,-860,"782,-22,-838:2;858,-22,-876:1;810,-32,-834:2;870,-22,-886:1",added
20,62653806,34422392174,8,/tp @s 1297 9 204,no,6,6,12,17.234,190.007,252.826,9,1312.945,/tp @s 1297 9 204,1297,9,204,1236,212,"1296,-6,198:3;1290,-6,203:2;1303,-6,198:1",added
21,62831901,17242701085,4,/tp @s 640 17 809,no,5,7,12,105.152,698.192,736.141,17,1031.543,/tp @s 640 17 809,640,17,809,628,740,"576,16,741:2;571,10,783:2;576,10,777:2;602,20,711:1",added
22,62914690,12947816578,3,/tp @s 172 -1 -895,no,6,6,12,61.0,261.874,358.581,-1,911.378,/tp @s 172 -1 -895,172,-1,-895,148,-908,"175,-10,-901:2;147,-14,-922:2;125,-16,-912:1;112,-12,-895:1",added
23,74033151,74033151,0,/tp @s 695 -7 -416,no,5,7,12,60.943,411.297,445.373,-7,809.988,/tp @s 695 -7 -416,695,-7,-416,724,-412,"667,-30,-465:2;732,-26,-435:2;724,-26,-427:3",added
24,78269550,12963171438,3,/tp @s 1180 31 102,no,8,4,12,31.922,496.322,541.313,31,1184.4,/tp @s 1180 31 102,1180,31,102,1220,116,"1211,26,106:1;1197,30,129:1;1179,24,93:1;1171,24,100:1",added
25,78894247,34438632615,8,/tp @s 151 -29 792,no,7,5,12,59.624,356.544,408.243,-29,806.266,/tp @s 151 -29 792,151,-29,792,180,804,"187,-34,828:1;153,-36,793:3;194,-34,833:1",added
26,82218719,90276531935,21,/tp @s 127 -31 1329,no,6,6,12,102.694,292.029,419.203,-31,1335.054,/tp @s 127 -31 1329,127,-31,1329,132,1284,"99,-28,1253:2;128,-32,1315:2;79,-28,1262:1;68,-28,1245:1",added
27,84539363,84539363,0,/tp @s 862 -27 -1076,no,6,6,12,69.721,406.335,479.212,-27,1378.702,/tp @s 862 -27 -1076,862,-27,-1076,900,-1068,"874,-28,-1062:2;907,-40,-1109:1;889,-40,-1111:2;924,-48,-1100:1",added
28,84903329,,,,yes,6,6,12,61.082,511.050,621.565,-16,909.754,/tp @s -497 -16 -762,-497,-16,-762,-492,-796,"-535,-21,-784:1;-494,-29,-786:3;-460,-29,-781:1;-510,-25,-821:1",added
29,88770536,,,,yes,8,4,12,25.573,422.962,512.915,-19,1212.048,/tp @s 184 -19 1198,184,-19,1198,244,1204,"206,-20,1204:1;199,-20,1192:2;206,-20,1211:1",added
30,92682419,38747388083,9,/tp @s -921 -9 900,no,6,6,12,43.29,134.318,211.607,-9,1287.727,/tp @s -921 -9 900,-921,-9,900,-876,884,"-901,-16,901:3;-922,-16,877:1;-898,-16,864:2",added
31,97819465,,,,yes,5,7,12,85.965,151.750,297.717,-16,912.513,/tp @s -846 -16 -342,-846,-16,-342,-876,-396,"-869,-17,-407:3;-888,-17,-417:2;-895,-17,-399:2",added
32,101026475,,,,yes,6,7,13,58.464,205.250,250.061,-33,891.348,/tp @s 175 -33 -874,175,-33,-874,196,-924,"166,-34,-903:2;176,-34,-895:1;225,-28,-880:1;232,-28,-886:3",added
33,104805034,17284674218,4,/tp @s 736 -4 1144,no,8,4,12,84.976,200.325,277.973,-4,1360.306,/tp @s 736 -4 1144,736,-4,1144,756,1108,"754,1,1091:2;774,-5,1068:2",added
34,109388841,21584225321,5,/tp @s -463 15 1278,no,4,8,12,43.875,263.146,266.959,15,1359.284,/tp @s -463 15 1278,-463,15,1278,-460,1252,"-484,14,1267:2;-462,14,1264:2;-481,14,1238:3;-476,14,1279:1",added
35,114963297,12999865185,3,/tp @s -706 2 -734,no,6,6,12,54.873,107.606,199.295,2,1018.426,/tp @s -706 2 -734,-706,2,-734,-732,-748,"-747,7,-741:2;-718,5,-727:1;-697,-9,-681:3",added
36,115593397,60245135541,14,/tp @s 120 40 1165,no,6,6,12,60.902,169.625,313.639,40,1171.164,/tp @s 120 40 1165,120,40,1165,116,1204,"109,37,1184:1;108,39,1171:3;60,37,1175:1;72,31,1170:1",added
37,117353499,,,,yes,8,4,12,53.094,264.597,407.467,9,1169.474,/tp @s 665 9 -962,665,9,-962,676,-940,"678,2,-911:1;675,12,-945:1;704,0,-957:2",added
38,118575646,73133019678,17,/tp @s -897 24 107,no,6,6,12,95.068,740.867,860.525,24,903.359,/tp @s -897 24 107,-897,24,107,-892,68,"-883,35,45:1;-974,31,71:1;-988,31,86:2;-886,33,13:2",added
39,121493792,4416461088,1,/tp @s -183 4 1253,no,8,4,12,62.33,632.901,715.275,4,1266.293,/tp @s -183 4 1253,-183,4,1253,-172,1220,"-180,-7,1243:2;-208,-3,1211:1;-143,-9,1207:1",added
40,121637874,13006539762,3,/tp @s -1060 26 -949,no,6,6,12,21.048,309.378,468.526,26,1422.744,/tp @s -1060 26 -949,-1060,26,-949,-1068,-1004,"-1059,25,-970:2;-1047,25,-957:1;-1047,25,-939:3",added
41,122157879,,,,yes,7,5,12,69.188,429.236,517.302,10,1266.409,/tp @s -756 10 -1016,-756,10,-1016,-764,-1004,"-747,7,-1002:1;-741,9,-1022:2;-687,5,-1017:2",added
42,122871691,4417838987,1,/tp @s 234 -21 847,no,6,6,12,54.489,417.252,523.968,-21,878.729,/tp @s 234 -21 847,234,-21,847,244,884,"249,-22,876:2;200,-36,877:1;286,-24,863:1;279,-24,858:2",added
43,125023639,30189794711,7,/tp @s 1271 17 -753,no,5,7,12,90.934,127.813,219.248,17,1477.312,/tp @s 1271 17 -753,1271,17,-753,1332,-796,"1327,22,-779:2;1285,16,-752:2;1361,22,-765:1;1349,22,-782:2",added
44,130038201,130038201,0,/tp @s 754 -38 -433,no,5,7,12,54.433,317.185,398.880,-38,869.485,/tp @s 754 -38 -433,754,-38,-433,804,-444,"771,-39,-442:3;801,-33,-460:1;789,-33,-460:1;789,-31,-424:2",added
45,131902020,4426869316,1,/tp @s -442 -51 1283,no,7,5,12,91.378,305.372,390.648,-51,1357.001,/tp @s -442 -51 1283,-442,-51,1283,-396,1268,"-413,-36,1236:1;-386,-36,1243:1;-448,-52,1268:2;-373,-36,1225:1",added
46,136758448,146165646512,34,/tp @s 859 23 624,no,7,5,12,82.043,245.745,256.492,23,1061.724,/tp @s 859 23 624,859,23,624,884,596,"880,4,547:3;873,22,612:1;864,20,578:1",added
47,137650810,25907454586,6,/tp @s -853 -44 1183,no,7,5,12,42.297,373.052,406.921,-44,1458.457,/tp @s -853 -44 1183,-853,-44,1183,-828,1220,"-811,-39,1183:2;-841,-37,1195:3",added
48,143824269,13028726157,3,/tp @s -1035 1 -820,no,8,5,13,56.196,175.700,178.862,1,1320.464,/tp @s -1035 1 -820,-1035,1,-820,-1020,-796,"-1011,6,-779:2;-1045,-12,-785:2;-1017,6,-767:1",added
49,150085492,,,,yes,7,5,12,49.487,191.516,283.758,7,1063.624,/tp @s 740 7 764,740,7,764,740,788,"766,10,806:2;746,-6,800:1;773,10,799:1;739,-8,772:1",added
50,154925931,,,,yes,7,5,12,43.875,696.276,807.172,16,1245.347,/tp @s 682 16 -1042,682,16,-1042,724,-1052,"720,27,-1041:1;712,17,-1074:2;688,11,-1078:2",added
51,159105663,8749040255,2,/tp @s 1199 -16 780,no,6,6,12,46.282,264.015,338.070,-16,1430.385,/tp @s 1199 -16 780,1199,-16,780,1204,724,"1200,-11,734:2;1207,-11,739:2;1207,-11,753:2",added
52,163821109,4458788405,1,/tp @s 703 -15 -716,no,6,6,12,80.069,136.382,213.176,-15,1003.427,/tp @s 703 -15 -716,703,-15,-716,692,-780,"685,-16,-741:2;729,-18,-730:1;666,-14,-787:1;740,-18,-729:2",added
53,171684011,68891160747,16,/tp @s -297 -12 1285,no,8,4,12,41.352,497.875,520.704,-12,1318.876,/tp @s -297 -12 1285,-297,-12,1285,-284,1332,"-270,-11,1305:1;-305,-9,1313:1;-304,-19,1292:1;-299,-17,1326:1",added
54,172502118,,,,yes,5,7,12,33.121,136.625,205.829,22,993.125,/tp @s 269 22 -956,269,22,-956,276,-972,"272,7,-972:1;261,7,-967:3;257,9,-984:1;261,7,-960:2",added
55,172629109,47417269365,11,/tp @s -552 5 1169,no,6,6,12,65.0,413.155,440.042,5,1292.774,/tp @s -552 5 1169,-552,5,1169,-508,1188,"-500,20,1205:3;-534,16,1200:1;-551,10,1212:1;-569,10,1196:1",added
56,181498589,,,,yes,6,6,12,105.934,618.075,717.678,-30,991.485,/tp @s -991 -30 31,-991,-30,31,-908,36,"-923,-19,37:1;-915,-19,47:2;-900,-25,-23:3",added
57,184310631,,,,yes,6,6,12,27.0,170.253,238.438,9,1008.846,/tp @s 769 9 653,769,9,653,804,676,"795,16,651:3;776,8,646:1;770,14,663:2",added
58,193742530,17373611714,4,/tp @s 836 26 353,no,7,5,12,54.489,353.291,394.420,26,907.472,/tp @s 836 26 353,836,26,353,852,340,"874,17,391:2;856,11,386:1;869,13,392:2",added
59,197511560,17377380744,4,/tp @s -1461 9 202,no,8,4,12,32.031,250.941,332.140,9,1474.898,/tp @s -1461 9 202,-1461,9,202,-1452,196,"-1455,8,227:1;-1441,8,227:2;-1471,20,215:1",added
60,198899083,8788833675,2,/tp @s 194 -27 801,no,6,6,12,33.971,341.501,438.555,-27,824.158,/tp @s 194 -27 801,194,-27,801,212,820,"213,-24,829:1;196,-26,827:2;190,-26,815:2;195,-26,810:1",added
61,200445677,8790380269,2,/tp @s 144 -44 1158,no,7,5,12,67.194,523.077,671.060,-44,1166.919,/tp @s 144 -44 1158,144,-44,1158,100,1124,"91,-49,1117:1;130,-45,1131:2;101,-47,1142:2",added
62,202741132,43152414092,10,/tp @s 1300 20 -374,no,8,4,12,99.01,250.074,411.997,20,1352.729,/tp @s 1300 20 -374,1300,20,-374,1332,-300,"1339,21,-283:2;1335,19,-332:1;1320,13,-332:1",added
63,224745524,116188862516,27,/tp @s -1264 25 609,no,8,4,12,69.843,308.543,315.400,25,1403.06,/tp @s -1264 25 609,-1264,25,609,-1292,580,"-1302,24,594:1;-1269,18,563:1;-1286,12,544:2",added
64,239048679,13123950567,3,/tp @s 408 -40 -791,no,5,7,12,53.423,334.789,399.383,-40,890.025,/tp @s 408 -40 -791,408,-40,-791,388,-844,"402,-37,-844:1;409,-37,-844:2;369,-47,-819:2;411,-53,-791:2",added
65,242422588,30307193660,7,/tp @s 723 22 1297,no,7,5,12,57.784,293.124,416.715,22,1484.903,/tp @s 723 22 1297,723,22,1297,772,1348,"774,25,1324:1;765,29,1331:1;767,25,1319:2;737,25,1304:1",added
66,247454988,4542422284,1,/tp @s 846 -21 780,no,6,6,12,36.469,351.313,409.354,-21,1150.702,/tp @s 846 -21 780,846,-21,780,852,804,"851,-18,816:2;843,-12,776:2;830,-8,806:2",added
67,253140759,313785753367,73,/tp @s -1008 20 767,no,5,7,12,95.446,447.124,500.080,20,1266.631,/tp @s -1008 20 767,-1008,20,767,-956,772,"-934,7,711:2;-967,17,705:2;-948,3,727:2;-966,9,682:1",added
68,254806868,47499447124,11,/tp @s 854 -39 -501,no,6,6,12,66.551,101.020,124.773,-39,990.11,/tp @s 854 -39 -501,854,-39,-501,836,-460,"899,-36,-458:2;900,-36,-453:2;852,-54,-500:1;852,-54,-514:1",added
69,254875950,38909581614,9,/tp @s 745 20 1249,no,5,7,12,55.955,2.875,75.278,20,1454.313,/tp @s 745 20 1249,745,20,1249,756,1220,"736,25,1194:2;746,25,1202:2;780,13,1239:1;717,13,1236:2",added
70,255098524,,,,yes,7,5,12,23.791,264.150,343.136,7,1120.832,/tp @s -939 7 612,-939,7,612,-908,644,"-929,12,633:1;-930,6,629:1;-934,0,615:2;-948,6,629:1",added
71,258447091,,,,yes,7,5,12,60.15,449.514,577.775,0,921.442,/tp @s 884 0 260,884,0,260,900,228,"873,-1,255:1;930,-5,232:2;930,-5,225:1;937,-5,232:1",added
72,263388668,99047636476,23,/tp @s -963 38 -925,no,5,7,12,33.63,355.384,423.759,38,1335.288,/tp @s -963 38 -925,-963,38,-925,-988,-956,"-957,37,-938:3;-932,37,-938:2;-940,37,-930:1;-957,31,-953:1",added
73,270249308,270249308,0,/tp @s 740 19 1231,no,4,8,12,65.131,308.515,408.150,19,1436.301,/tp @s 740 19 1231,740,19,1231,772,1252,"768,24,1230:3;773,18,1237:1;790,20,1230:2;792,6,1268:2",added
74,273446389,43223119349,10,/tp @s -338 -46 811,no,7,5,12,40.125,317.431,366.276,-46,878.615,/tp @s -338 -46 811,-338,-46,811,-332,772,"-339,-49,771:2;-324,-47,830:1;-317,-47,843:1;-312,-47,837:1",added
75,273632368,180662258800,42,/tp @s 201 -8 -1426,no,5,7,12,115.009,17.995,146.331,-8,1440.096,/tp @s 201 -8 -1426,201,-8,-1426,244,-1436,"250,-9,-1417:1;256,-7,-1495:2;209,-15,-1435:2;256,-7,-1527:2",added
76,273688352,43223361312,10,/tp @s -1245 -21 187,no,6,6,12,37.121,151.214,155.243,-21,1258.965,/tp @s -1245 -21 187,-1245,-21,187,-1260,196,"-1250,-14,181:1;-1250,-14,188:1;-1231,-22,217:3;-1236,-22,223:1",added
77,275254370,30340025442,7,/tp @s -1056 2 94,no,9,3,12,72.035,189.035,232.269,2,1060.175,/tp @s -1056 2 94,-1056,2,94,-1004,116,"-1036,7,98:1;-1036,7,91:1;-990,-5,122:1",added
78,277246016,,,,yes,5,7,12,88.465,244.011,247.614,-23,1288.73,/tp @s 1165 -23 -551,1165,-23,-551,1220,-540,"1235,-24,-550:1;1204,-24,-550:3;1198,-24,-571:2;1253,-22,-542:1",added
79,288162408,30352933480,7,/tp @s 1124 38 779,no,9,3,12,40.608,112.051,211.749,38,1367.559,/tp @s 1124 38 779,1124,38,779,1108,740,"1126,35,789:2;1156,31,755:1",added
80,297589829,8887524421,2,/tp @s 239 29 -1426,no,7,5,12,69.383,401.023,445.035,29,1445.89,/tp @s 239 29 -1426,239,29,-1426,260,-1420,"255,28,-1446:2;269,18,-1442:2;256,16,-1492:1",added
81,298017101,73312461133,17,/tp @s 549 5 -1309,no,4,8,12,33.392,427.631,491.156,5,1419.465,/tp @s 549 5 -1309,549,5,-1309,580,-1276,"543,-2,-1294:2;582,4,-1314:1;534,2,-1322:3;546,-2,-1318:2",added
82,300779950,,,,yes,7,5,12,53.16,133.826,226.868,-11,940.843,/tp @s 287 -11 -896,287,-11,-896,276,-956,"288,0,-948:2;288,-6,-915:1;299,-2,-942:2",added
83,302332813,17482201997,4,/tp @s -277 27 -943,no,6,6,12,40.125,322.944,455.150,27,982.842,/tp @s -277 27 -943,-277,27,-943,-300,-908,"-286,44,-935:2;-272,44,-907:1;-304,32,-926:2;-268,44,-928:1",added
84,303390693,30368161765,7,/tp @s 1156 23 65,no,6,6,12,111.62,722.166,865.879,23,1157.826,/tp @s 1156 23 65,1156,23,65,1156,36,"1136,22,61:2;1175,16,47:2;1185,20,-4:1;1077,6,-12:1",added
85,306189510,306189510,0,/tp @s 679 37 -144,no,6,6,12,56.054,205.563,213.888,37,694.102,/tp @s 679 37 -144,679,37,-144,692,-172,"709,36,-163:1;716,40,-186:3;709,36,-156:2",added
86,310165798,13195067686,3,/tp @s -439 -2 822,no,6,6,12,82.474,3.750,48.235,-2,931.883,/tp @s -439 -2 822,-439,-2,822,-460,788,"-452,-3,828:1;-460,-3,831:2;-506,-5,774:1;-502,-9,837:2",added
87,319775535,319775535,0,/tp @s 1324 -49 -326,no,6,6,12,37.0,14.450,72.387,-49,1363.544,/tp @s 1324 -49 -326,1324,-49,-326,1300,-364,"1308,-44,-333:1;1296,-46,-302:1;1334,-52,-341:2;1330,-52,-333:2",added
88,322135513,,,,yes,7,5,12,58.455,135.558,167.565,0,703.495,/tp @s 691 0 132,691,0,132,676,164,"679,-7,149:2;689,-7,190:2;700,-9,131:1",added
89,326888876,38981594540,9,/tp @s -441 6 -1392,no,7,5,12,90.056,486.235,597.246,6,1460.187,/tp @s -441 6 -1392,-441,6,-1392,-380,-1404,"-372,13,-1386:1;-396,7,-1314:2;-407,7,-1336:2",added
90,327405983,30392177055,7,/tp @s -237 -18 -1457,no,7,5,12,50.606,468.790,568.209,-18,1476.15,/tp @s -237 -18 -1457,-237,-18,-1457,-284,-1468,"-282,-23,-1437:1;-257,-25,-1468:2;-263,-29,-1415:2",added
91,335884853,43285557813,10,/tp @s 581 35 -481,no,6,6,12,47.781,147.441,220.120,35,754.269,/tp @s 581 35 -481,581,35,-481,644,-476,"620,40,-474:2;613,40,-474:2;628,40,-488:2",added
92,336436461,73350880493,17,/tp @s -978 -15 656,no,7,5,12,49.406,376.522,471.932,-15,1177.633,/tp @s -978 -15 656,-978,-15,656,-988,644,"-956,-10,680:1;-964,-16,657:1;-932,-16,674:2;-930,-16,661:1",added
93,336799985,124890851569,29,/tp @s -241 -14 -1440,no,4,8,12,76.459,233.610,258.114,-14,1460.028,/tp @s -241 -14 -1440,-241,-14,-1440,-268,-1388,"-227,-21,-1376:2;-287,-17,-1379:1;-306,-17,-1401:2;-226,-27,-1427:3",added
94,337474237,99121722045,23,/tp @s -1434 -5 267,no,5,7,12,41.061,305.722,372.647,-5,1458.645,/tp @s -1434 -5 267,-1434,-5,267,-1468,308,"-1460,2,298:2;-1464,-6,262:1;-1433,-6,249:2;-1448,0,284:2",added
95,340498496,,,,yes,7,5,12,73.164,3.520,16.444,10,1496.965,/tp @s 651 10 1348,651,10,1348,708,1348,"723,15,1360:1;703,9,1384:1;671,9,1344:3",added
96,341892122,,,,yes,6,6,12,49.91,108.645,225.470,-38,904.536,/tp @s 205 -38 -881,205,-38,-881,260,-892,"244,-35,-897:2;242,-33,-872:1;250,-33,-860:2;243,-31,-877:1",added
97,354875347,4649842643,1,/tp @s -331 -10 -913,no,7,5,12,54.827,118.438,244.346,-10,971.149,/tp @s -331 -10 -913,-331,-10,-913,-300,-956,"-322,-7,-967:1;-341,-7,-960:1;-299,-5,-918:2;-292,-5,-918:1",added
98,359819996,21834656476,5,/tp @s -1073 5 -806,no,6,6,12,54.717,369.998,489.541,5,1342.0,/tp @s -1073 5 -806,-1073,5,-806,-1036,-844,"-1020,18,-810:2;-1054,4,-822:2;-1033,18,-837:2",added
99,362697366,107736879766,25,/tp @s -1080 15 209,no,5,7,12,97.929,497.172,603.265,15,1100.037,/tp @s -1080 15 209,-1080,15,209,-988,228,"-998,24,236:3;-1012,20,230:1;-1026,20,230:1;-1002,20,268:2",added
100,363232114,8953166706,2,/tp @s -792 26 797,no,6,6,12,76.223,401.944,489.085,26,1123.598,/tp @s -792 26 797,-792,26,797,-780,788,"-766,17,742:2;-747,17,742:1;-740,17,742:2;-770,7,791:1",added
101,363921290,17543790474,4,/tp @s 1285 35 -369,no,6,6,12,35.903,0.000,57.414,35,1336.932,/tp @s 1285 35 -369,1285,35,-369,1316,-332,"1301,38,-337:2;1294,34,-347:2;1304,34,-368:2",added
102,368007130,64792516570,15,/tp @s -1344 -4 -301,no,6,6,12,86.145,94.593,203.589,-4,1377.293,/tp @s -1344 -4 -301,-1344,-4,-301,-1388,-332,"-1328,-5,-343:1;-1327,-23,-332:2;-1328,-25,-383:3",added
103,374330055,374330055,0,/tp @s 181 -22 -895,no,9,3,12,105.608,285.593,347.023,-22,913.119,/tp @s 181 -22 -895,181,-22,-895,228,-892,"210,-19,-899:2;277,-23,-851:1",added
104,376385028,,,,yes,7,5,12,74.579,433.002,512.113,14,1073.76,/tp @s -1031 14 -300,-1031,14,-300,-1020,-252,"-1039,13,-290:2;-979,7,-247:1;-1035,-3,-265:2",added
105,377692109,17557561293,4,/tp @s 1423 36 299,no,7,5,12,64.692,22.785,53.637,36,1454.074,/tp @s 1423 36 299,1423,36,299,1396,260,"1414,21,255:3;1433,35,289:1;1455,31,243:1",added
106,381122239,,,,yes,8,4,12,36.042,333.665,424.562,2,871.656,/tp @s -810 2 -322,-810,2,-322,-796,-300,"-782,7,-315:1;-788,7,-310:1;-775,7,-315:1;-828,11,-305:1",added
107,381347726,26151151502,6,/tp @s 1125 -28 813,no,6,6,12,54.093,517.224,607.405,-28,1388.018,/tp @s 1125 -28 813,1125,-28,813,1124,756,"1131,-29,800:2;1112,-29,800:1;1112,-41,787:1;1107,-29,762:2",added
108,387889713,,,,yes,4,8,12,49.508,538.866,568.531,-15,1221.856,/tp @s 558 -15 1087,558,-15,1087,612,1108,"578,-22,1078:2;564,-22,1078:2;572,-22,1083:2;593,-16,1052:2",added
109,388016742,26157820518,6,/tp @s -385 -36 1269,no,8,4,12,68.096,890.505,911.688,-36,1326.117,/tp @s -385 -36 1269,-385,-36,1269,-348,1268,"-355,-23,1269:1;-326,-25,1248:2;-331,-25,1229:1",added
110,391413862,4686381158,1,/tp @s -984 -24 -375,no,5,7,12,27.092,550.225,562.614,-24,1053.034,/tp @s -984 -24 -375,-984,-24,-375,-1020,-396,"-983,-25,-389:3;-961,-37,-381:2;-959,-31,-374:1;-959,-31,-368:1",added
111,397009985,,,,yes,6,6,12,90.741,203.481,282.664,37,1480.402,/tp @s -1442 37 -335,-1442,37,-335,-1436,-348,"-1414,26,-366:1;-1457,32,-379:1;-1406,30,-418:2;-1427,26,-325:2",added
112,401728627,13286630515,3,/tp @s -870 7 751,no,7,5,12,53.47,352.415,421.740,7,1149.305,/tp @s -870 7 751,-870,7,751,-876,804,"-856,6,755:1;-869,0,804:3;-872,0,757:1",added
113,401856737,17581725921,4,/tp @s 737 11 -812,no,8,4,12,32.542,112.184,178.560,11,1096.592,/tp @s 737 11 -812,737,11,-812,692,-796,"706,4,-805:1;722,-2,-817:1;724,10,-818:2",added
114,406549832,,,,yes,7,5,12,71.07,4.000,48.443,-7,1086.89,/tp @s 760 -7 777,760,-7,777,724,756,"768,-12,738:2;692,-8,788:1;747,-18,708:2",added
115,409050521,13293952409,3,/tp @s 730 -36 -801,no,5,7,12,86.458,161.493,187.279,-36,1083.744,/tp @s 730 -36 -801,730,-36,-801,724,-844,"742,-29,-808:1;755,-37,-789:2;762,-37,-789:1;667,-31,-860:3",added
116,410171127,,,,yes,6,6,12,80.666,223.028,310.693,2,1152.398,/tp @s 790 2 -839,790,2,-839,788,-812,"770,3,-834:2;790,9,-838:1;797,9,-838:2;867,-5,-816:1",added
117,411106592,9001041184,2,/tp @s 726 41 -943,no,9,3,12,51.439,108.132,208.419,41,1190.095,/tp @s 726 41 -943,726,41,-943,756,-956,"740,38,-961:1;760,30,-980:2",added
118,414925769,21889762249,5,/tp @s -835 -12 520,no,8,4,12,80.405,511.097,621.693,-12,983.679,/tp @s -835 -12 520,-835,-12,520,-828,580,"-815,-11,577:1;-820,-13,539:1;-817,-13,560:1;-827,-11,600:1",added
119,415068977,415068977,0,/tp @s -874 -43 -374,no,6,7,13,86.221,248.549,314.020,-43,950.659,/tp @s -874 -43 -374,-874,-43,-374,-892,-412,"-850,-44,-380:2;-821,-44,-442:3;-821,-44,-403:1;-809,-42,-416:1",added
120,417738656,417738656,0,/tp @s -1318 -8 347,no,5,7,12,37.376,137.765,216.345,-8,1362.913,/tp @s -1318 -8 347,-1318,-8,347,-1372,340,"-1354,-9,337:1;-1325,-9,337:1;-1333,-9,323:2;-1347,-3,324:3",added
121,422773680,,,,yes,7,5,12,36.742,64.879,141.199,-18,1202.677,/tp @s -392 -18 1137,-392,-18,1137,-364,1108,"-373,-19,1120:2;-371,-21,1107:1;-392,-19,1112:1;-407,-25,1112:1",added
122,432524499,432524499,0,/tp @s 750 34 833,no,6,6,12,47.053,251.743,363.174,34,1120.888,/tp @s 750 34 833,750,34,833,740,804,"764,29,795:2;753,31,801:2;752,33,786:1;753,31,808:1",added
123,441814906,9031749498,2,/tp @s -1296 -41 -272,no,7,5,12,23.728,305.287,413.284,-41,1324.236,/tp @s -1296 -41 -272,-1296,-41,-272,-1324,-300,"-1309,-42,-278:2;-1315,-32,-283:3",added
124,445003842,112114153538,26,/tp @s 108 5 1209,no,7,5,12,86.631,373.763,458.396,5,1213.814,/tp @s 108 5 1209,108,5,1209,132,1236,"144,4,1227:2;120,-2,1212:2;192,-2,1229:1",added
125,453621997,13338523885,3,/tp @s 1262 -25 -766,no,6,6,12,98.443,563.394,656.726,-25,1476.279,/tp @s 1262 -25 -766,1262,-25,-766,1252,-796,"1167,-46,-781:1;1235,-52,-816:1;1195,-40,-765:1;1237,-50,-844:3",added
126,454937372,4749904668,1,/tp @s 851 -7 1098,no,6,6,12,47.529,367.329,386.265,-7,1389.174,/tp @s 851 -7 1098,851,-7,1098,772,1124,"804,-2,1103:1;826,-6,1098:2;821,-2,1104:1;833,-6,1088:2",added
127,461776074,4756743370,1,/tp @s -1307 -14 -337,no,7,5,12,22.494,330.644,375.754,-14,1349.747,/tp @s -1307 -14 -337,-1307,-14,-337,-1276,-364,"-1301,-7,-330:2;-1286,-7,-333:3",added
128,470336220,17650205404,4,/tp @s 694 -11 -832,no,7,5,12,96.234,306.155,309.263,-11,1083.448,/tp @s 694 -11 -832,694,-11,-832,724,-844,"748,-10,-823:2;788,-24,-816:1;727,-10,-806:2",added
129,474123478,13359025366,3,/tp @s -522 -35 175,no,8,4,12,60.885,265.205,308.391,-35,550.553,/tp @s -522 -35 175,-522,-35,175,-524,212,"-542,-42,182:1;-541,-42,147:1;-567,-36,216:2",added
130,485254398,485254398,0,/tp @s 859 8 -829,no,5,7,12,39.737,327.141,415.232,8,1193.785,/tp @s 859 8 -829,859,8,-829,852,-876,"880,1,-862:2;848,-11,-856:3;859,-11,-826:2",added
131,488781950,4783749246,1,/tp @s -890 -35 702,no,6,6,12,35.228,399.784,510.311,-35,1133.536,/tp @s -890 -35 702,-890,-35,702,-908,676,"-897,-28,703:2;-912,-28,688:2;-924,-28,708:2",added
132,499649114,9089583706,2,/tp @s 144 29 -740,no,8,4,12,56.798,224.825,306.925,29,753.881,/tp @s 144 29 -740,144,29,-740,116,-764,"161,22,-786:2;168,22,-791:2",added
133,506127492,168009852036,39,/tp @s -482 23 1361,no,5,7,12,60.424,588.241,673.284,23,1443.83,/tp @s -482 23 1361,-482,23,1361,-492,1316,"-468,26,1335:2;-523,34,1318:1;-515,34,1323:2;-515,34,1330:2",added
134,508309443,82112688067,19,/tp @s 1194 33 -277,no,4,8,12,67.276,724.811,801.937,33,1225.71,/tp @s 1194 33 -277,1194,33,-277,1124,-316,"1151,34,-306:2;1144,34,-322:3;1177,34,-314:2;1185,28,-301:1",added
135,513945789,21988782269,5,/tp @s -926 -14 155,no,7,5,12,27.459,296.601,319.509,-14,938.883,/tp @s -926 -14 155,-926,-14,155,-908,196,"-911,1,159:2;-904,1,154:1;-925,3,161:1;-905,-1,143:1",added
136,518206285,4813173581,1,/tp @s -849 35 336,no,9,3,12,50.547,311.749,384.947,35,913.07,/tp @s -849 35 336,-849,35,336,-828,308,"-875,22,323:1;-894,22,355:2",added
137,522829132,522829132,0,/tp @s 1327 43 -454,no,5,7,12,44.576,513.102,619.618,43,1402.514,/tp @s 1327 43 -454,1327,43,-454,1300,-428,"1333,36,-440:1;1342,34,-495:2;1348,36,-482:2;1337,34,-495:2",added
138,524888726,21999725206,5,/tp @s -820 -41 637,no,7,5,12,91.055,656.617,730.052,-41,1038.349,/tp @s -820 -41 637,-820,-41,637,-812,708,"-823,-42,728:1;-819,-42,651:1;-812,-48,659:1;-818,-48,652:2",added
139,527539562,82131918186,19,/tp @s -1425 12 -339,no,6,7,13,55.082,609.871,631.939,12,1464.768,/tp @s -1425 12 -339,-1425,12,-339,-1436,-380,"-1412,13,-373:2;-1476,-5,-351:2;-1466,-5,-343:1;-1466,-11,-331:2",added
140,531498043,4826465339,1,/tp @s 268 42 -1006,no,6,6,12,42.344,273.632,366.291,42,1041.086,/tp @s 268 42 -1006,268,42,-1006,244,-1036,"263,21,-1013:1;234,21,-995:3;234,21,-1020:2",added
141,536816480,22011652960,5,/tp @s 916 16 747,no,7,5,12,79.133,120.558,212.710,16,1181.975,/tp @s 916 16 747,916,16,747,836,740,"848,19,713:2;839,13,729:2;897,15,755:1",added
142,547725813,4842693109,1,/tp @s -367 -8 811,no,5,7,12,69.728,2.125,16.663,-8,890.174,/tp @s -367 -8 811,-367,-8,811,-332,804,"-325,-7,777:2;-347,-3,799:2;-317,-13,770:1;-300,-15,829:2",added
143,550753985,,,,yes,7,5,12,50.259,218.109,262.200,6,1023.62,/tp @s -1001 6 -214,-1001,6,-214,-1004,-252,"-989,17,-227:1;-991,11,-263:2;-1002,17,-219:2",added
144,554069301,,,,yes,8,4,12,66.114,47.014,91.954,2,1330.301,/tp @s -1074 2 -785,-1074,2,-785,-1020,-780,"-1065,-11,-838:1;-1030,-5,-792:2;-1031,-9,-834:1",added
145,554788546,47799428802,11,/tp @s -833 4 867,no,7,7,14,72.897,488.317,533.183,4,1202.322,/tp @s -833 4 867,-833,4,867,-796,804,"-788,5,810:1;-781,7,816:2;-826,3,822:1;-816,3,830:3",added
146,554834332,,,,yes,6,6,12,96.338,178.718,245.128,19,1029.837,/tp @s -946 19 -407,-946,19,-407,-924,-364,"-930,18,-390:2;-936,18,-397:1;-953,18,-397:2;-882,20,-335:1",added
147,557212141,557212141,0,/tp @s -945 36 770,no,6,6,12,51.176,282.916,424.739,36,1218.985,/tp @s -945 36 770,-945,36,770,-908,756,"-923,35,779:1;-916,35,791:2;-962,25,723:1;-952,25,779:2",added
148,558264075,558264075,0,/tp @s 196 -35 -1426,no,9,3,12,57.35,272.750,393.482,-35,1439.407,/tp @s 196 -35 -1426,196,-35,-1426,244,-1404,"222,-36,-1419:2;252,-38,-1438:1",added
149,563590894,9153525486,2,/tp @s 634 -13 141,no,7,5,12,78.797,462.395,511.338,-13,649.49,/tp @s 634 -13 141,634,-13,141,676,180,"638,-22,180:1;627,-20,157:1;706,-12,173:3",added
150,566981078,43516654038,10,/tp @s 791 39 -741,no,7,5,12,83.247,266.859,339.809,39,1083.864,/tp @s 791 39 -741,791,39,-741,772,-796,"784,42,-788:1;790,38,-801:1;848,30,-801:3",added
151,568369278,4863336574,1,/tp @s -438 -6 810,no,5,7,12,60.158,243.722,340.827,-6,920.839,/tp @s -438 -6 810,-438,-6,810,-412,820,"-424,-7,811:1;-417,-17,809:2;-411,-23,861:1;-393,-17,833:3",added
152,572840871,17752710055,4,/tp @s 1238 28 591,no,4,8,12,59.624,356.594,372.706,28,1371.833,/tp @s 1238 28 591,1238,28,591,1284,564,"1278,27,583:3;1227,27,552:1;1233,21,532:1;1233,21,610:3",added
153,582298721,43531971681,10,/tp @s -859 -11 -872,no,7,6,13,45.277,608.016,667.933,-11,1224.036,/tp @s -859 -11 -872,-859,-11,-872,-860,-924,"-845,-8,-912:2;-868,-12,-904:1;-838,-8,-912:1;-860,-24,-895:2",added
154,583007149,,,,yes,4,8,12,64.661,336.868,428.219,30,1257.955,/tp @s 1194 30 -396,1194,30,-396,1236,-412,"1209,29,-390:2;1238,45,-388:3;1258,39,-394:2;1208,29,-377:1",added
155,589000399,26358804175,6,/tp @s 831 10 664,no,6,6,12,55.48,117.835,225.078,10,1063.7,/tp @s 831 10 664,831,10,664,836,612,"844,9,651:2;834,-3,642:2;831,3,662:1;829,3,609:1",added
156,599756112,599756112,0,/tp @s 795 33 709,no,8,4,12,26.646,31.930,37.357,33,1065.226,/tp @s 795 33 709,795,33,709,756,724,"770,40,703:1;778,32,701:1;796,40,709:2",added
157,600117187,56434692035,13,/tp @s -230 11 -1422,no,6,6,12,29.983,689.843,779.377,11,1440.48,/tp @s -230 11 -1422,-230,11,-1422,-220,-1436,"-214,24,-1421:2;-203,22,-1429:2;-233,24,-1432:2",added
158,604046196,4899013492,1,/tp @s 17 -34 831,no,9,3,12,19.875,66.481,123.202,-34,831.174,/tp @s 17 -34 831,17,-34,831,52,804,"32,-35,825:2;32,-35,818:1",added
159,604876511,604876511,0,/tp @s 118 -41 809,no,8,4,12,52.783,94.531,214.759,-41,817.56,/tp @s 118 -41 809,118,-41,809,148,820,"133,-42,803:2;170,-42,800:2",added
160,608083900,284075925436,66,/tp @s -503 -36 -941,no,6,6,12,33.912,155.066,236.726,-36,1067.0,/tp @s -503 -36 -941,-503,-36,-941,-492,-908,"-483,-31,-958:1;-490,-31,-964:2;-536,-31,-935:3",added
161,609551557,17789420741,4,/tp @s -1445 1 14,no,6,6,12,51.284,444.483,545.927,1,1445.068,/tp @s -1445 1 14,-1445,1,14,-1452,36,"-1459,0,26:1;-1486,-6,-16:1;-1439,-6,13:2;-1445,-12,29:2",added
162,612625534,22087462014,5,/tp @s -308 0 888,no,6,6,12,60.679,102.500,168.328,0,939.898,/tp @s -308 0 888,-308,0,888,-268,852,"-260,7,858:2;-253,9,864:1;-272,5,881:1;-293,-1,882:2",added
163,613712152,613712152,0,/tp @s -988 -8 766,no,5,7,12,49.94,113.824,186.874,-8,1250.16,/tp @s -988 -8 766,-988,-8,766,-1020,788,"-1009,-9,767:1;-991,-7,776:1;-995,-9,789:2;-1015,-9,808:3",added
164,618409154,,,,yes,7,5,12,48.683,259.923,329.514,11,1077.758,/tp @s 351 11 -1019,351,11,-1019,324,-988,"337,14,-995:1;338,10,-1013:1;324,2,-1001:1;331,0,-976:2",added
165,618670114,4913637410,1,/tp @s -1399 -37 -317,no,9,3,12,52.44,791.188,856.337,-37,1434.465,/tp @s -1399 -37 -317,-1399,-37,-317,-1356,-300,"-1402,-46,-313:1;-1448,-42,-335:2",added
166,620081029,13504982917,3,/tp @s 951 -32 -348,no,5,7,12,45.629,151.131,213.451,-32,1012.672,/tp @s 951 -32 -348,951,-32,-348,916,-348,"910,-33,-328:2;914,-39,-361:1;950,-33,-362:3;928,-39,-341:1",added
167,622222298,9212156890,2,/tp @s 1273 -42 79,no,6,6,12,44.113,130.324,220.850,-42,1275.449,/tp @s 1273 -42 79,1273,-42,79,1300,100,"1290,-29,91:1;1296,-31,108:1;1285,-33,95:2;1296,-31,115:2",added
168,624709924,17804579108,4,/tp @s 1282 -16 234,no,7,5,12,39.268,336.159,408.008,-16,1303.181,/tp @s 1282 -16 234,1282,-16,234,1252,212,"1276,-11,225:1;1302,-17,213:2;1275,-23,272:2",added
169,634789055,,,,yes,6,6,12,85.849,184.845,219.991,-22,1024.82,/tp @s -356 -22 -961,-356,-22,-961,-396,-892,"-405,-19,-896:1;-381,-19,-896:1;-412,-19,-896:2;-349,-21,-887:2",added
170,636656929,,,,yes,7,5,12,76.929,253.029,256.816,-2,1367.671,/tp @s 1333 -2 -306,1333,-2,-306,1332,-348,"1347,1,-300:1;1342,1,-295:2;1395,5,-351:2",added
171,640336327,4935303623,1,/tp @s -1040 -40 416,no,6,6,12,68.746,546.249,560.803,-40,1120.114,/tp @s -1040 -40 416,-1040,-40,416,-1004,388,"-1021,-31,360:1;-1014,-31,353:1;-1029,-41,402:2;-1004,-41,402:2",added
172,640750573,17820619757,4,/tp @s -963 17 -782,no,7,5,12,37.656,117.320,160.220,17,1240.521,/tp @s -963 17 -782,-963,17,-782,-940,-828,"-946,10,-768:1;-957,12,-771:1;-951,10,-747:2;-976,2,-760:1",added
173,644010987,,,,yes,7,5,12,42.308,312.975,340.455,-43,875.721,/tp @s 778 -43 -402,778,-43,-402,756,-380,"765,-34,-378:1;771,-34,-397:2;749,-36,-372:2",added
174,644845141,,,,yes,7,5,12,53.16,83.617,171.110,19,915.52,/tp @s -879 19 256,-879,19,256,-924,276,"-932,20,252:1;-892,18,250:3;-899,18,245:1",added
175,645499558,4940466854,1,/tp @s 1196 -31 -767,no,9,3,12,86.041,280.118,417.678,-31,1420.811,/tp @s 1196 -31 -767,1196,-31,-767,1236,-764,"1277,-32,-796:1;1245,-36,-828:2",added
176,647796190,82252174814,19,/tp @s -844 -47 1158,no,7,5,12,62.016,318.053,396.109,-47,1432.934,/tp @s -844 -47 1158,-844,-47,1158,-892,1204,"-891,-48,1175:1;-879,-52,1175:3;-906,-48,1159:1",added
177,681211096,,,,yes,8,4,12,52.202,50.513,124.921,37,1135.162,/tp @s -492 37 -1023,-492,37,-1023,-444,-1036,"-505,36,-1060:2;-442,28,-1011:2",added
178,684603375,56519178223,13,/tp @s 1183 31 636,no,6,6,12,44.967,407.984,459.318,31,1343.125,/tp @s 1183 31 636,1183,31,636,1204,676,"1184,36,676:1;1160,24,616:2;1187,24,639:1;1140,18,638:2",added
179,686939516,13571841404,3,/tp @s -1491 9 95,no,6,6,12,90.89,337.597,489.755,9,1494.023,/tp @s -1491 9 95,-1491,9,95,-1452,132,"-1440,8,100:1;-1410,6,109:1;-1405,0,123:2;-1440,8,93:2",added
180,688656282,688656282,0,/tp @s 1375 -8 -528,no,7,5,12,43.704,360.355,452.367,-8,1472.891,/tp @s 1375 -8 -528,1375,-8,-528,1396,-492,"1386,-9,-543:2;1396,-9,-535:1;1406,-15,-558:1;1365,-17,-537:1",added
181,692895647,692895647,0,/tp @s -373 -21 662,no,7,5,12,44.306,416.515,420.321,-21,759.851,/tp @s -373 -21 662,-373,-21,662,-380,644,"-361,-26,650:1;-408,-24,635:2;-381,-40,669:2",added
182,693049760,73707493792,17,/tp @s -977 31 808,no,5,7,12,52.773,147.535,219.937,31,1267.83,/tp @s -977 31 808,-977,31,808,-988,852,"-989,28,845:1;-1012,22,836:1;-983,30,823:3;-997,22,856:2",added
183,694282605,30759053677,7,/tp @s -824 43 702,no,7,5,12,27.677,677.532,686.967,43,1082.488,/tp @s -824 43 702,-824,43,702,-844,724,"-838,42,703:1;-845,42,684:1;-847,30,704:2;-841,24,700:1",added
184,696991515,47941631771,11,/tp @s -17 11 -710,no,7,5,12,28.443,529.501,660.984,11,710.203,/tp @s -17 11 -710,-17,11,-710,68,-732,"0,10,-729:2;-16,10,-724:2;5,10,-692:1",added
185,710959234,211164356738,49,/tp @s 804 -37 697,no,6,6,12,35.454,0.000,108.678,-37,1064.061,/tp @s 804 -37 697,804,-37,697,772,676,"790,-44,708:2;820,-38,682:1;814,-44,692:2;838,-38,687:1",added
186,714410336,22189246816,5,/tp @s 1186 -7 -912,no,7,5,12,68.571,81.985,156.290,-7,1496.108,/tp @s 1186 -7 -912,1186,-7,-912,1252,-940,"1243,-4,-950:2;1245,-6,-939:2;1226,-18,-889:1",added
187,723774978,125277826562,29,/tp @s 317 -37 -1452,no,7,5,12,59.447,458.585,513.442,-37,1486.201,/tp @s 317 -37 -1452,317,-37,-1452,276,-1468,"310,-46,-1472:1;317,-46,-1472:1;264,-44,-1478:1;271,-50,-1432:2",added
188,727241191,17907110375,4,/tp @s -431 -31 750,no,10,2,12,78.575,96.750,191.922,-31,865.021,/tp @s -431 -31 750,-431,-31,750,-476,756,"-508,-38,764:1;-432,-32,738:1",added
189,733221168,,,,yes,8,4,12,77.91,647.882,670.129,30,1488.318,/tp @s -1467 30 251,-1467,30,251,-1452,260,"-1450,29,277:1;-1494,29,267:1;-1397,21,218:2",added
190,736656884,,,,yes,6,6,12,42.438,314.535,414.035,-10,994.706,/tp @s -432 -10 -896,-432,-10,-896,-460,-924,"-452,-11,-907:1;-449,-11,-898:2;-426,-11,-938:1;-434,-11,-881:2",added
191,736998051,736998051,0,/tp @s 705 23 1200,no,7,5,12,62.37,175.340,245.990,23,1391.77,/tp @s 705 23 1200,705,23,1200,724,1236,"712,22,1245:2;722,22,1260:1;730,22,1206:1;754,22,1199:1",added
192,739948625,30804719697,7,/tp @s -321 -8 -1233,no,7,5,12,55.525,115.386,198.228,-8,1274.1,/tp @s -321 -8 -1233,-321,-8,-1233,-348,-1260,"-326,-9,-1277:2;-332,-27,-1284:1;-337,-27,-1279:2",added
193,740515951,116704632943,27,/tp @s -737 13 -774,no,6,6,12,86.29,285.248,327.592,13,1068.759,/tp @s -737 13 -774,-737,13,-774,-732,-828,"-749,10,-826:1;-736,12,-820:2;-730,12,-860:1;-736,12,-788:2",added
194,748500464,26518304240,6,/tp @s 1212 -7 -355,no,6,6,12,66.491,526.681,572.944,-7,1262.921,/tp @s 1212 -7 -355,1212,-7,-355,1236,-396,"1219,-8,-368:1;1230,-8,-419:1;1204,-8,-360:1;1217,0,-390:3",added
195,749289182,,,,yes,6,6,12,69.239,110.310,210.257,24,1102.962,/tp @s 162 24 1091,162,24,1091,196,1140,"172,23,1084:2;204,23,1111:2;167,23,1077:1;230,23,1104:1",added
196,749683181,749683181,0,/tp @s 1268 13 159,no,5,7,12,65.947,523.135,527.155,13,1277.93,/tp @s 1268 13 159,1268,13,159,1316,148,"1306,22,171:1;1284,0,153:2;1311,-6,132:2;1330,-6,147:2",added
197,769164244,43718837204,10,/tp @s -976 30 841,no,7,5,12,77.13,246.079,278.150,30,1288.354,/tp @s -976 30 841,-976,30,841,-956,788,"-906,25,809:2;-975,29,813:2;-981,29,787:1",added
198,773254783,773254783,0,/tp @s -317 37 1386,no,6,6,12,66.174,223.707,246.549,37,1421.789,/tp @s -317 37 1386,-317,37,1386,-284,1396,"-336,30,1406:1;-369,18,1406:2;-344,12,1441:3",added
199,774109642,,,,yes,6,6,12,85.493,657.182,718.597,-3,1215.354,/tp @s 763 -3 -946,763,-3,-946,820,-972,"835,-6,-992:3;816,-6,-1007:1;827,2,-940:1;760,-4,-954:1",added
200,774782146,22249618626,5,/tp @s 165 10 -1027,no,6,6,12,30.1,2.625,28.329,10,1040.17,/tp @s 165 10 -1027,165,10,-1027,228,-1036,"190,15,-1011:2;177,3,-1028:1;170,3,-1028:3",added
201,777426675,22252263155,5,/tp @s -1324 -12 -274,no,6,6,12,46.152,159.960,222.676,-12,1352.055,/tp @s -1324 -12 -274,-1324,-12,-274,-1356,-252,"-1336,-15,-250:2;-1330,-13,-254:1;-1304,-19,-233:1;-1344,-13,-287:2",added
202,777861951,35137600319,8,/tp @s 769 0 -307,no,7,5,12,48.062,7.875,66.151,0,828.016,/tp @s 769 0 -307,769,0,-307,820,-332,"816,-1,-297:1;796,-15,-279:1;795,-7,-325:1;803,-15,-279:2",added
203,777920514,26547724290,6,/tp @s -1071 -9 72,no,6,6,12,55.669,115.637,222.614,-9,1073.417,/tp @s -1071 -9 72,-1071,-9,72,-1036,68,"-1054,-10,63:2;-1059,-16,54:1;-1046,-10,73:1;-1022,-22,49:2",added
204,785148557,,,,yes,7,5,12,49.83,152.443,158.329,-32,1317.507,/tp @s 1316 -32 63,1316,-32,63,1380,84,"1352,-29,70:1;1332,-33,102:1;1358,-33,49:1;1347,-33,24:2",added
205,786379997,5081347293,1,/tp @s 190 -9 1321,no,6,6,12,70.47,390.159,423.156,-9,1334.594,/tp @s 190 -9 1321,190,-9,1321,212,1284,"204,-12,1252:1;209,-12,1260:2;192,-16,1318:2;180,-18,1327:1",added
206,795668217,9385602809,2,/tp @s 180 8 1297,no,5,7,12,70.944,356.978,383.957,8,1309.431,/tp @s 180 8 1297,180,8,1297,212,1300,"218,9,1284:2;248,5,1277:2;240,5,1285:1;167,7,1280:2",added
207,810340165,9400274757,2,/tp @s -681 -30 625,no,7,5,12,57.637,158.922,253.312,-30,924.33,/tp @s -681 -30 625,-681,-30,625,-684,660,"-645,-29,670:2;-667,-31,638:1;-667,-31,631:2",added
208,813726177,22288562657,5,/tp @s 859 -24 785,no,6,6,12,36.51,470.695,492.534,-24,1163.661,/tp @s 859 -24 785,859,-24,785,868,756,"883,-15,766:1;883,-15,759:2;845,-25,776:1;850,-25,770:2",added
209,814799202,129663818082,30,/tp @s 39 -37 1360,no,8,4,12,85.872,416.592,511.716,-37,1360.559,/tp @s 39 -37 1360,39,-37,1360,68,1316,"59,-32,1307:1;40,-48,1288:2;62,-48,1278:1",added
210,818042560,5113009856,1,/tp @s -1052 40 333,no,7,5,12,52.858,250.550,329.233,40,1103.446,/tp @s -1052 40 333,-1052,40,333,-1068,372,"-1060,41,373:1;-1076,43,380:2;-1043,39,336:2",added
211,826612526,,,,yes,8,4,12,76.564,285.837,358.206,22,1453.278,/tp @s -356 22 -1409,-356,22,-1409,-300,-1404,"-317,23,-1376:1;-322,27,-1403:2;-283,29,-1387:1",added
212,832890731,,,,yes,6,6,12,67.963,237.305,327.785,-27,1215.541,/tp @s -854 -27 -865,-854,-27,-865,-844,-828,"-860,-28,-850:1;-859,-22,-811:2;-823,-28,-820:2;-817,-28,-808:1",added
213,835765488,,,,yes,6,6,12,82.061,102.375,215.737,-14,845.123,/tp @s 308 -14 787,308,-14,787,340,820,"341,-19,828:2;315,-17,799:1;366,-25,844:2;358,-31,789:1",added
214,839203516,9429138108,2,/tp @s -548 18 -1022,no,7,5,12,63.765,212.713,335.899,18,1159.65,/tp @s -548 18 -1022,-548,18,-1022,-492,-972,"-522,21,-998:1;-524,15,-1081:2;-550,15,-1037:2",added
215,841341810,9431276402,2,/tp @s 1279 7 183,no,4,8,12,49.254,307.241,437.458,7,1292.026,/tp @s 1279 7 183,1279,7,183,1284,148,"1275,10,134:3;1266,8,140:3;1280,6,169:1;1258,8,167:1",added
216,842660833,,,,yes,6,6,12,59.691,302.864,355.212,14,941.237,/tp @s 758 14 558,758,14,558,788,548,"777,13,564:2;773,17,543:2;817,13,549:2",added
217,842918131,35202656499,8,/tp @s 1102 0 -246,no,6,6,12,49.82,382.119,413.446,0,1129.124,/tp @s 1102 0 -246,1102,0,-246,1140,-268,"1092,-5,-249:1;1115,-11,-220:2;1093,-15,-200:1;1078,-15,-205:2",added
218,848386082,848386082,0,/tp @s -788 10 -415,no,8,4,12,50.577,468.556,517.033,10,890.6,/tp @s -788 10 -415,-788,10,-415,-748,-428,"-750,15,-448:2;-781,11,-434:2",added
219,851684923,9441619515,2,/tp @s 219 15 -1428,no,6,6,12,52.555,191.242,262.933,15,1444.695,/tp @s 219 15 -1428,219,15,-1428,244,-1468,"168,12,-1427:2;206,2,-1436:2;167,18,-1421:2",added
220,853228236,5148195532,1,/tp @s 176 -20 822,no,8,4,12,69.072,357.750,399.888,-20,840.631,/tp @s 176 -20 822,176,-20,822,196,788,"205,-19,771:1;185,-21,807:2;233,-19,783:1",added
221,853955489,,,,yes,6,6,12,49.99,476.860,481.072,32,1227.932,/tp @s -890 32 -846,-890,32,-846,-924,-876,"-924,37,-862:1;-894,19,-841:1;-855,25,-881:1;-874,19,-862:3",added
222,861151057,91055464273,21,/tp @s 585 -19 -1124,no,4,8,12,92.704,501.526,543.830,-19,1267.123,/tp @s 585 -19 -1124,585,-19,-1124,564,-1068,"566,-20,-1118:2;578,-30,-1098:1;583,-26,-1135:3;558,-30,-1036:2",added
223,864922575,864922575,0,/tp @s -1037 29 -3,no,7,5,12,35.917,269.513,336.803,29,1037.004,/tp @s -1037 29 -3,-1037,29,-3,-1020,20,"-1029,30,32:1;-1052,30,26:2;-1046,32,4:2",added
224,865448390,13750350278,3,/tp @s 812 -38 752,no,7,5,12,77.169,472.542,534.239,-38,1106.729,/tp @s 812 -38 752,812,-38,752,836,724,"797,-33,723:2;826,-45,738:2;813,-33,675:1",added
225,867542953,867542953,0,/tp @s 879 -1 -936,no,7,5,12,62.249,604.776,700.878,-1,1284.032,/tp @s 879 -1 -936,879,-1,-936,884,-876,"906,4,-894:2;865,4,-925:1;854,-2,-879:2",added
226,868258792,22343095272,5,/tp @s -1216 25 -409,no,8,4,12,80.685,173.632,205.198,25,1282.941,/tp @s -1216 25 -409,-1216,25,-409,-1292,-428,"-1265,26,-401:3;-1271,14,-467:1",added
227,872221213,,,,yes,8,4,12,55.543,363.156,476.357,23,1432.45,/tp @s -1406 23 -274,-1406,23,-274,-1388,-220,"-1404,40,-230:1;-1392,22,-273:1;-1364,28,-238:2",added
228,875057754,875057754,0,/tp @s 188 29 870,no,8,4,12,33.015,285.605,311.501,29,890.081,/tp @s 188 29 870,188,29,870,180,836,"211,30,876:1;211,30,883:1;221,28,870:2",added
229,881253762,881253762,0,/tp @s -861 -9 -856,no,5,7,12,38.588,211.650,289.171,-9,1214.107,/tp @s -861 -9 -856,-861,-9,-856,-860,-892,"-843,-6,-890:2;-848,-2,-884:2;-849,-10,-877:2;-879,-4,-872:1",added
230,883276375,,,,yes,6,6,12,97.581,266.543,337.648,41,1488.0,/tp @s 1191 41 892,1191,41,892,1140,916,"1175,40,915:1;1127,16,961:2;1113,22,936:2;1106,22,936:1",added
231,883586951,56718161799,13,/tp @s 1353 16 52,no,8,4,12,27.092,25.500,110.262,16,1353.999,/tp @s 1353 16 52,1353,16,52,1332,84,"1334,21,67:1;1340,25,74:2;1337,25,38:1",added
232,895918466,,,,yes,5,7,12,48.929,0.000,50.052,-22,1265.01,/tp @s -359 -22 1213,-359,-22,1213,-332,1268,"-327,-23,1250:2;-328,-29,1239:3;-364,-21,1230:2",added
233,899857721,22374694201,5,/tp @s 258 -6 -1455,no,8,5,13,83.678,337.535,366.296,-6,1477.697,/tp @s 258 -6 -1455,258,-6,-1455,276,-1420,"267,3,-1424:2;317,-1,-1405:1;329,-1,-1411:2",added
234,908531732,86807877652,20,/tp @s 154 -21 -1383,no,7,5,12,32.326,77.811,129.995,-21,1391.548,/tp @s 154 -21 -1383,154,-21,-1383,180,-1356,"166,-20,-1370:1;166,-20,-1353:1;149,-20,-1352:3",added
235,908966701,65333476141,15,/tp @s 1193 25 565,no,5,7,12,53.235,333.949,388.582,25,1320.028,/tp @s 1193 25 565,1193,25,565,1172,580,"1153,18,589:1;1146,18,589:1;1159,26,551:3;1175,26,572:2",added
236,923523391,26693327167,6,/tp @s 1308 -7 96,no,6,6,12,41.049,617.824,755.502,-7,1311.518,/tp @s 1308 -7 96,1308,-7,96,1348,116,"1338,-6,124:2;1322,-12,124:2;1291,-12,128:2",added
237,925027337,,,,yes,9,3,12,84.273,378.049,492.548,-31,829.229,/tp @s 736 -31 -382,736,-31,-382,772,-428,"762,-22,-437:1;757,-28,-455:1;778,-28,-455:1",added
238,931152046,9521086638,2,/tp @s 736 22 288,no,5,7,12,54.818,140.186,232.045,22,790.342,/tp @s 736 22 288,736,22,288,708,324,"711,21,267:2;717,23,280:1;729,17,273:3;688,27,314:1",added
239,932266532,82536645156,19,/tp @s 47 25 -1292,no,7,6,13,73.417,283.867,296.129,25,1292.855,/tp @s 47 25 -1292,47,25,-1292,84,-1356,"104,20,-1338:2;65,24,-1333:2;55,24,-1338:1;67,22,-1314:1",added
240,932714917,9522649509,2,/tp @s -976 17 -881,no,7,5,12,45.409,213.119,327.948,17,1314.814,/tp @s -976 17 -881,-976,17,-881,-956,-860,"-955,16,-880:1;-931,16,-875:2;-939,16,-867:2",added
241,933550259,933550259,0,/tp @s 749 15 145,no,7,6,13,41.049,199.654,332.403,15,762.906,/tp @s 749 15 145,749,15,145,756,164,"779,16,173:2;761,8,147:2;748,8,141:1;741,8,141:1",added
242,941879411,,,,yes,5,7,12,74.873,468.779,531.063,-17,1425.003,/tp @s -1425 -17 -3,-1425,-17,-3,-1420,52,"-1419,6,68:1;-1436,-12,10:1;-1468,-14,27:2;-1454,-14,2:3",added
243,944429756,,,,yes,6,6,12,74.115,192.447,319.316,-21,1244.053,/tp @s -1068 -21 638,-1068,-21,638,-1004,596,"-1011,-26,631:1;-1072,-22,564:2;-1078,-22,588:3",added
244,954218032,658084214320,153,/tp @s -833 21 1246,no,6,6,12,75.492,377.967,458.464,21,1498.801,/tp @s -833 21 1246,-833,21,1246,-892,1236,"-864,18,1239:2;-851,24,1237:1;-880,18,1187:3",added
245,955189435,5250156731,1,/tp @s -349 23 703,no,7,5,12,60.241,546.895,667.576,23,784.863,/tp @s -349 23 703,-349,23,703,-300,708,"-309,28,704:1;-323,28,704:1;-334,22,709:2;-293,20,681:1",added
246,960528537,960528537,0,/tp @s 523 38 1242,no,7,5,12,29.223,684.751,688.950,38,1347.625,/tp @s 523 38 1242,523,38,1242,564,1268,"546,37,1260:1;529,37,1270:2;537,37,1256:1;537,37,1249:1",added
247,960664904,52500272456,12,/tp @s -300 29 1152,no,6,6,12,52.211,495.582,592.279,29,1190.422,/tp @s -300 29 1152,-300,29,1152,-300,1124,"-325,30,1134:1;-341,30,1128:1;-310,34,1101:1;-317,34,1161:3",added
248,978486785,13863388673,3,/tp @s 327 -39 -1077,no,6,6,12,137.12,403.339,540.183,-39,1125.548,/tp @s 327 -39 -1077,327,-39,-1077,244,-1068,"252,-36,-1078:1;239,-40,-1084:1;319,-46,-1063:3;192,-38,-1101:1",added
249,984089567,13868991455,3,/tp @s 1328 -1 -393,no,4,8,12,44.933,397.826,439.464,-1,1384.931,/tp @s 1328 -1 -393,1328,-1,-393,1300,-332,"1329,-2,-361:2;1321,-2,-372:2;1339,-8,-376:2;1327,-14,-350:2",added
250,985086044,22459922524,5,/tp @s 784 -2 234,no,8,4,12,58.215,390.663,480.954,-2,818.176,/tp @s 784 -2 234,784,-2,234,756,196,"799,-3,199:2;758,1,182:1;802,-3,257:1",added
251,992799796,18172668980,4,/tp @s -781 11 -441,no,7,5,12,61.303,178.725,276.671,11,896.907,/tp @s -781 11 -441,-781,11,-441,-796,-428,"-793,-6,-433:1;-775,10,-380:1;-767,4,-404:2;-811,0,-414:1",added
252,994174607,,,,yes,8,4,12,47.896,561.052,567.945,17,1032.493,/tp @s 741 17 719,741,17,719,740,756,"758,16,728:2;764,16,761:2",added
253,995078815,9585013407,2,/tp @s 143 11 -1388,no,8,4,12,67.904,364.679,430.190,11,1395.347,/tp @s 143 11 -1388,143,11,-1388,148,-1420,"154,16,-1434:1;159,14,-1407:1;174,24,-1447:2",added
254,996908048,254399978512,59,/tp @s 1224 -10 -482,no,7,5,12,83.696,417.658,484.157,-10,1315.485,/tp @s 1224 -10 -482,1224,-10,-482,1284,-460,"1215,-7,-419:2;1240,-15,-400:2;1195,-13,-458:1",added
255,999149282,999149282,0,/tp @s 1147 -8 665,no,4,8,12,87.167,168.816,334.574,-8,1325.833,/tp @s 1147 -8 665,1147,-8,665,1156,708,"1164,-11,686:3;1165,-15,750:1;1173,-15,742:2;1136,-27,740:2",added
256,1001617482,,,,yes,7,5,12,46.872,299.795,343.811,-37,1040.992,/tp @s -1008 -37 260,-1008,-37,260,-1020,228,"-1030,-32,236:1;-1044,-36,230:1;-1036,-36,235:2;-1021,-38,254:1",added
257,1002473376,9592407968,2,/tp @s 1146 -15 -258,no,6,6,12,52.211,59.465,192.063,-15,1174.683,/tp @s 1146 -15 -258,1146,-15,-258,1172,-236,"1196,-16,-243:2;1196,-16,-250:1;1196,-16,-257:2;1189,-16,-257:1",added
258,1004739415,35364477783,8,/tp @s 719 -33 -974,no,7,5,12,84.018,400.033,524.193,-33,1210.635,/tp @s 719 -33 -974,719,-33,-974,772,-940,"786,-32,-951:3;792,-40,-933:1;728,-34,-965:1",added
259,1009408264,43959081224,10,/tp @s 837 -45 619,no,6,6,12,60.877,50.375,82.216,-45,1041.024,/tp @s 837 -45 619,837,-45,619,804,644,"840,-42,641:3;825,-42,626:1;777,-40,610:2",added
260,1018812200,293076588328,68,/tp @s -418 45 -1393,no,7,5,12,64.296,222.141,298.129,45,1454.363,/tp @s -418 45 -1393,-418,45,-1393,-364,-1388,"-356,44,-1376:1;-384,44,-1387:1;-391,44,-1387:1;-403,44,-1399:2",added
261,1018847615,164227604863,38,/tp @s -978 -34 -394,no,6,6,12,58.224,135.662,184.071,-34,1054.381,/tp @s -978 -34 -394,-978,-34,-394,-1004,-348,"-980,-35,-378:2;-950,-41,-377:1;-940,-41,-351:1;-932,-41,-359:2",added
262,1027094277,,,,yes,5,7,12,56.903,452.685,529.327,31,1458.97,/tp @s -1425 31 -313,-1425,31,-313,-1420,-348,"-1430,30,-340:2;-1452,28,-356:3;-1452,28,-363:1;-1424,30,-327:1",added
263,1031981151,116996098143,27,/tp @s -1024 15 105,no,6,6,12,57.715,388.982,413.055,15,1029.369,/tp @s -1024 15 105,-1024,15,105,-1020,116,"-1015,20,67:1;-1024,8,98:1;-997,14,61:2;-997,14,54:2",added
264,1033389605,1033389605,0,/tp @s 779 24 -783,no,5,7,12,28.196,123.906,173.252,24,1104.504,/tp @s 779 24 -783,779,24,-783,804,-732,"799,23,-778:1;804,23,-770:2;793,23,-777:3;764,23,-761:1",added
265,1035951226,1035951226,0,/tp @s -184 -6 719,no,8,4,12,79.114,465.383,507.208,-6,742.17,/tp @s -184 -6 719,-184,-6,719,-236,724,"-208,-13,733:1;-254,-3,694:2;-259,-3,694:1",added
266,1038959341,5333926637,1,/tp @s -981 -22 104,no,8,4,12,39.737,264.141,345.046,-22,986.497,/tp @s -981 -22 104,-981,-22,104,-972,148,"-974,-19,143:1;-991,-21,124:2;-1005,-21,124:1",added
267,1039155456,13924057344,3,/tp @s 600 -15 688,no,8,4,12,111.687,315.336,331.340,-15,912.877,/tp @s 600 -15 688,600,-15,688,644,692,"638,-16,695:1;632,-16,707:1;707,-16,720:2",added
268,1043187102,1043187102,0,/tp @s 1299 -5 -236,no,8,5,13,25.04,528.051,542.528,-5,1320.264,/tp @s 1299 -5 -236,1299,-5,-236,1252,-236,"1308,-12,-255:2;1300,-6,-261:1;1281,-12,-232:2",added
269,1044487752,26814291528,6,/tp @s 647 -24 767,no,6,6,12,54.351,492.421,539.579,-24,1003.443,/tp @s 647 -24 767,647,-24,767,660,804,"668,-25,787:1;690,-33,799:2;685,-33,770:3",added
270,1056326901,5351294197,1,/tp @s 1280 -3 -326,no,6,6,12,50.646,135.318,157.866,-3,1320.862,/tp @s 1280 -3 -326,1280,-3,-326,1252,-300,"1272,-4,-283:1;1264,0,-327:2;1272,-4,-276:2;1272,0,-324:1",added
271,1056617411,78366028739,18,/tp @s -1297 27 718,no,5,7,12,65.322,94.277,140.611,27,1482.475,/tp @s -1297 27 718,-1297,27,718,-1340,692,"-1311,12,713:2;-1319,0,678:2;-1324,0,665:2;-1306,0,665:1",added
272,1058926274,9648860866,2,/tp @s 1180 -37 653,no,6,6,12,49.508,114.904,195.864,-37,1348.632,/tp @s 1180 -37 653,1180,-37,653,1188,644,"1163,-38,618:1;1145,-38,618:3;1183,-50,643:2",added
273,1060860480,48305500736,11,/tp @s -374 -34 676,no,9,5,14,48.518,613.354,657.011,-34,772.562,/tp @s -374 -34 676,-374,-34,676,-364,692,"-327,-35,688:1;-368,-29,661:1;-359,-35,670:3",added
274,1065302675,56899877523,13,/tp @s 707 -37 -392,no,9,3,12,29.086,238.583,259.649,-37,808.402,/tp @s 707 -37 -392,707,-37,-392,756,-364,"733,-38,-379:1;724,-38,-389:1;695,-44,-386:1",added
275,1065671268,,,,yes,10,2,12,10.724,211.754,299.743,-37,915.765,/tp @s -905 -37 140,-905,-37,140,-908,180,"-900,-46,137:2",added
276,1066289275,22541125755,5,/tp @s 20 36 1488,no,7,5,12,43.943,305.010,382.399,36,1488.134,/tp @s 20 36 1488,20,36,1488,36,1460,"47,35,1477:1;49,35,1483:1;30,35,1450:1;11,35,1445:2",added
277,1072119193,,,,yes,8,4,12,89.633,59.125,120.033,13,990.645,/tp @s 344 13 -929,344,13,-929,388,-940,"375,12,-933:1;366,6,-891:1;396,14,-856:1;366,6,-884:1",added
278,1084604787,151408460147,35,/tp @s 176 -6 1278,no,7,5,12,98.798,440.672,504.558,-6,1290.062,/tp @s 176 -6 1278,176,-6,1278,196,1252,"238,-7,1231:3;230,-17,1196:1;188,-13,1241:1",added
279,1084932574,,,,yes,6,6,12,63.514,364.168,453.444,11,975.873,/tp @s 682 11 698,682,11,698,692,740,"711,16,673:2;690,16,690:1;745,10,690:2;701,16,668:1",added
280,1087066083,78396477411,18,/tp @s -887 38 643,no,4,8,12,53.245,144.425,148.628,38,1095.545,/tp @s -887 38 643,-887,38,643,-924,628,"-902,31,629:2;-931,43,647:2;-930,43,674:3;-899,37,670:1",added
281,1088742048,13973643936,3,/tp @s -377 1 -963,no,7,5,12,82.789,393.669,397.878,1,1034.165,/tp @s -377 1 -963,-377,1,-963,-428,-956,"-445,18,-954:2;-432,20,-948:1;-458,18,-961:1;-399,8,-932:1",added
282,1090823101,65515332541,15,/tp @s 1250 35 -386,no,7,5,12,78.467,292.379,365.428,35,1308.242,/tp @s 1250 35 -386,1250,35,-386,1300,-396,"1282,34,-385:2;1328,32,-394:1;1320,32,-386:2",added
283,1091309750,48335950006,11,/tp @s -1372 -4 95,no,6,6,12,29.086,183.479,222.665,-4,1375.285,/tp @s -1372 -4 95,-1372,-4,95,-1340,100,"-1356,-5,112:2;-1382,-5,102:2;-1364,-13,106:1;-1383,-11,121:1",added
284,1097384250,13982286138,3,/tp @s -908 11 615,no,8,4,12,53.638,195.500,355.061,11,1096.672,/tp @s -908 11 615,-908,11,615,-924,644,"-916,24,634:2;-921,10,609:1;-948,22,649:1",added
285,1103587816,48348228072,11,/tp @s -879 -35 850,no,7,5,12,49.051,26.778,56.569,-35,1222.76,/tp @s -879 -35 850,-879,-35,850,-956,804,"-910,-36,812:1;-864,-34,838:2;-859,-38,818:2",added
286,1107122134,91301435350,21,/tp @s -358 -26 1182,no,8,4,12,44.396,556.101,639.778,-26,1235.026,/tp @s -358 -26 1182,-358,-26,1182,-332,1220,"-315,-27,1171:1;-332,-17,1198:2;-367,-27,1167:1",added
287,1108731519,,,,yes,7,5,12,72.229,238.278,282.246,-47,997.614,/tp @s 295 -47 -953,295,-47,-953,340,-892,"365,-36,-939:2;346,-42,-934:1;329,-42,-959:1;309,-42,-955:1",added
288,1109551440,1109551440,0,/tp @s 807 -27 -813,no,8,4,12,31.639,399.686,458.526,-27,1145.521,/tp @s 807 -27 -813,807,-27,-813,772,-796,"780,-28,-807:2;781,-26,-795:1;794,-28,-819:1",added
289,1113872718,1113872718,0,/tp @s 354 28 -755,no,6,6,12,69.649,392.092,457.008,28,833.871,/tp @s 354 28 -755,354,28,-755,324,-780,"359,21,-728:1;323,15,-694:1;337,15,-734:3;365,17,-758:1",added
290,1121596164,5416563460,1,/tp @s -352 -28 -889,no,7,5,12,46.872,334.195,468.359,-28,956.151,/tp @s -352 -28 -889,-352,-28,-889,-364,-876,"-352,-37,-843:1;-369,-29,-897:2;-336,-31,-854:1;-340,-31,-882:1",added
291,1122211160,1122211160,0,/tp @s -1015 4 -320,no,6,6,12,38.341,237.298,301.008,4,1064.249,/tp @s -1015 4 -320,-1015,4,-320,-988,-284,"-1016,-1,-282:3;-1031,-3,-300:2;-1037,-9,-311:1",added
292,1123987851,,,,yes,4,8,12,30.871,136.366,272.200,20,1188.268,/tp @s 1134 20 -355,1134,20,-355,1220,-364,"1151,19,-346:3;1140,21,-331:1;1126,17,-337:3;1164,13,-357:1",added
293,1126849657,,,,yes,5,7,12,48.425,93.487,216.892,3,877.378,/tp @s -872 3 97,-872,3,97,-924,116,"-894,4,125:1;-920,8,93:2;-885,4,84:2;-892,4,84:2",added
294,1130403194,26900206970,6,/tp @s -448 -36 606,no,7,5,12,70.901,502.794,538.932,-36,753.618,/tp @s -448 -36 606,-448,-36,606,-412,580,"-426,-37,612:2;-394,-35,579:1;-381,-39,583:2",added
295,1132704310,,,,yes,6,6,12,77.936,153.064,228.826,31,1455.258,/tp @s 1409 31 -364,1409,31,-364,1364,-380,"1332,30,-376:2;1367,16,-399:1;1385,32,-359:1;1395,16,-360:2",added
296,1137587517,78446998845,18,/tp @s -888 -30 303,no,7,5,12,40.237,271.220,287.904,-30,938.271,/tp @s -888 -30 303,-888,-30,303,-876,308,"-853,-17,288:1;-853,-17,313:2;-862,-31,310:1;-868,-25,310:1",added
297,1138463706,,,,yes,8,4,12,93.327,159.531,178.508,1,1441.799,/tp @s 72 1 -1440,72,1,-1440,148,-1436,"165,6,-1434:1;160,10,-1445:1;147,8,-1428:2",added
298,1140708574,61270250718,14,/tp @s -545 -46 1216,no,6,6,12,108.508,951.490,985.787,-46,1332.547,/tp @s -545 -46 1216,-545,-46,1216,-476,1204,"-438,-47,1198:2;-459,-49,1163:2;-473,-47,1172:2",added
299,1144054901,22618891381,5,/tp @s 160 -20 -1451,no,4,8,12,30.676,395.539,510.156,-20,1459.795,/tp @s 160 -20 -1451,160,-20,-1451,164,-1468,"156,-15,-1421:2;148,-15,-1452:2;153,-15,-1444:2;153,-15,-1458:2",added
300,1145437875,,,,yes,7,5,12,87.869,435.189,484.053,-47,1360.178,/tp @s -1326 -47 303,-1326,-47,303,-1308,324,"-1288,-50,343:1;-1266,-52,346:2;-1266,-52,353:1;-1266,-52,367:1",added
301,1146069304,14030971192,3,/tp @s -353 -5 855,no,5,7,12,47.021,164.127,206.307,-5,925.005,/tp @s -353 -5 855,-353,-5,855,-380,820,"-358,-2,816:2;-358,-2,833:1;-352,-6,841:2;-352,-6,808:2",added
302,1151602324,121410686612,28,/tp @s -1409 25 86,no,9,3,12,67.513,145.218,275.026,25,1411.622,/tp @s -1409 25 86,-1409,25,86,-1388,52,"-1420,34,27:1;-1420,34,20:1;-1379,26,78:1",added
303,1152440063,112821589759,26,/tp @s 1277 -30 671,no,7,5,12,109.229,25.875,59.405,-30,1442.557,/tp @s 1277 -30 671,1277,-30,671,1284,708,"1290,-23,738:1;1348,-31,754:2;1346,-21,708:2",added
304,1155927647,56990502495,13,/tp @s -885 -24 168,no,8,4,12,61.693,401.253,412.475,-24,900.805,/tp @s -885 -24 168,-885,-24,168,-908,148,"-892,-25,156:1;-873,-25,150:2;-931,-21,127:1",added
305,1160513949,82764892573,19,/tp @s -413 1 794,no,7,5,12,37.283,440.059,510.270,1,894.989,/tp @s -413 1 794,-413,1,794,-364,804,"-392,-6,824:1;-412,0,826:2;-424,-12,799:2",added
306,1161534794,5456502090,1,/tp @s -307 11 1425,no,6,6,12,75.644,643.802,730.555,11,1457.695,/tp @s -307 11 1425,-307,11,1425,-300,1396,"-283,18,1391:3;-274,12,1448:2;-239,8,1458:1",added
307,1161677682,5456644978,1,/tp @s 1226 -11 525,no,6,6,12,45.31,403.038,484.215,-11,1333.679,/tp @s 1226 -11 525,1226,-11,525,1220,564,"1214,-22,534:1;1200,-20,561:2;1220,-12,540:1;1191,-18,531:2",added
308,1168304724,39823010388,9,/tp @s 814 -5 -1216,no,7,5,12,45.552,549.745,611.967,-5,1463.302,/tp @s 814 -5 -1216,814,-5,-1216,804,-1228,"797,-6,-1215:2;812,-14,-1185:1;775,-10,-1239:2",added
309,1168583575,22643420055,5,/tp @s -204 -7 1389,no,5,7,12,28.723,250.849,340.552,-7,1403.901,/tp @s -204 -7 1389,-204,-7,1389,-220,1348,"-184,-12,1369:3;-214,-14,1375:2;-209,-14,1406:1;-221,-14,1407:1",added
310,1169256662,1169256662,0,/tp @s -768 -28 -480,no,4,8,12,53.009,446.055,515.475,-28,905.662,/tp @s -768 -28 -480,-768,-28,-480,-780,-476,"-767,-23,-514:2;-782,-29,-506:2;-744,-23,-527:2;-794,-29,-513:2",added
311,1179721254,22654557734,5,/tp @s 703 -12 596,no,5,7,12,46.336,37.510,59.220,-12,921.643,/tp @s 703 -12 596,703,-12,596,740,676,"680,-17,611:2;730,-19,633:1;723,-29,609:2;702,-19,602:2",added
312,1206991084,14091892972,3,/tp @s 687 -19 -922,no,6,6,12,43.738,418.249,493.878,-19,1149.806,/tp @s 687 -19 -922,687,-19,-922,676,-956,"653,-10,-948:2;682,-38,-896:1;700,-28,-914:1;687,-28,-913:2",added
313,1207030525,61336572669,14,/tp @s 892 35 305,no,6,6,12,82.91,170.285,298.693,35,942.703,/tp @s 892 35 305,892,35,305,852,276,"895,44,253:1;844,44,238:3;907,44,269:1;885,28,290:1",added
314,1213790754,26983594530,6,/tp @s 683 -41 -1020,no,7,5,12,90.526,130.390,246.187,-41,1227.554,/tp @s 683 -41 -1020,683,-41,-1020,724,-1036,"732,-32,-1024:1;712,-42,-1004:2;686,-42,-1027:1;768,-44,-989:1",added
315,1214155337,18394024521,4,/tp @s 1135 -48 162,no,5,7,12,94.181,202.887,272.585,-48,1146.503,/tp @s 1135 -48 162,1135,-48,162,1156,116,"1149,-45,150:2;1116,-45,109:2;1121,-59,112:1;1189,-53,85:2",added
316,1224641059,91418954275,21,/tp @s 174 -16 -1426,no,6,6,12,38.393,193.374,315.607,-16,1436.576,/tp @s 174 -16 -1426,174,-16,-1426,196,-1420,"183,-11,-1418:2;186,-11,-1426:3;142,-13,-1405:1",added
317,1227265399,44176938359,10,/tp @s -454 -18 -1331,no,7,5,12,62.145,617.990,718.037,-18,1406.299,/tp @s -454 -18 -1331,-454,-18,-1331,-428,-1308,"-416,-19,-1330:2;-434,-25,-1330:1;-392,-21,-1328:2",added
318,1234102720,1234102720,0,/tp @s 752 -1 -818,no,8,4,12,66.618,120.611,190.201,-1,1111.138,/tp @s 752 -1 -818,752,-1,-818,724,-812,"725,0,-858:1;755,8,-822:1;722,2,-774:1;713,0,-872:1",added
319,1235073808,1235073808,0,/tp @s -1411 -24 273,no,7,5,12,45.706,1035.028,1096.285,-24,1437.167,/tp @s -1411 -24 273,-1411,-24,273,-1388,244,"-1386,-21,272:2;-1367,-27,285:1;-1394,-31,266:2",added
320,1238461720,100022709528,23,/tp @s -836 -16 -491,no,7,5,12,88.125,373.168,428.542,-16,969.524,/tp @s -836 -16 -491,-836,-16,-491,-796,-508,"-821,-23,-499:2;-822,-23,-474:1;-827,-33,-577:2",added
321,1238663040,5533630336,1,/tp @s 719 -1 113,no,7,5,12,32.265,88.367,144.395,-1,727.826,/tp @s 719 -1 113,719,-1,113,740,148,"732,-2,130:2;720,2,145:1;747,-2,97:2",added
322,1240831230,31305602302,7,/tp @s -759 -40 718,no,7,6,13,79.316,240.860,332.444,-40,1044.799,/tp @s -759 -40 718,-759,-40,718,-748,772,"-745,-41,711:3;-720,-37,787:2;-727,-37,787:1",added
323,1242536895,,,,yes,7,5,12,39.306,45.078,97.795,-59,757.333,/tp @s 685 -59 -323,685,-59,-323,692,-332,"674,-42,-306:1;700,-60,-317:2;700,-48,-299:1;705,-48,-291:1",added
324,1244606064,,,,yes,6,6,12,69.649,878.128,922.647,-46,1203.765,/tp @s -869 -46 -833,-869,-46,-833,-812,-876,"-828,-47,-859:2;-804,-45,-858:1;-847,-47,-853:1;-868,-41,-855:2",added
325,1244870049,61374412193,14,/tp @s -1474 7 274,no,7,5,12,48.939,174.211,191.581,7,1499.25,/tp @s -1474 7 274,-1474,7,274,-1516,260,"-1504,10,290:1;-1493,10,319:2;-1488,10,284:2",added
326,1247846434,22722682914,5,/tp @s 132 -18 -1379,no,8,4,12,62.314,84.480,190.500,-18,1385.303,/tp @s 132 -18 -1379,132,-18,-1379,164,-1372,"138,-25,-1382:1;141,-27,-1440:1;163,-31,-1387:2",added
327,1251292133,95740572645,22,/tp @s 1202 -9 301,no,5,7,12,60.216,324.283,327.511,-9,1239.115,/tp @s 1202 -9 301,1202,-9,301,1172,260,"1168,-8,268:2;1193,-10,286:2;1207,-10,241:1;1218,-10,286:2",added
328,1257720559,,,,yes,7,5,12,64.335,262.606,305.176,11,995.609,/tp @s -966 11 -241,-966,11,-241,-940,-268,"-968,14,-266:1;-955,18,-304:1;-965,8,-273:1;-941,10,-240:2",added
329,1261700694,31326471766,7,/tp @s 216 -35 -1334,no,6,6,12,73.396,463.614,529.970,-35,1351.374,/tp @s 216 -35 -1334,216,-35,-1334,180,-1324,"211,-36,-1290:1;201,-44,-1304:1;215,-42,-1335:1;191,-34,-1265:3",added
330,1271671255,9861605847,2,/tp @s -262 22 1303,no,7,5,12,43.324,223.298,261.068,22,1329.08,/tp @s -262 22 1303,-262,22,1303,-252,1316,"-230,33,1328:1;-270,29,1302:2;-270,29,1345:2",added
331,1274137854,48518778110,11,/tp @s 98 -21 -1474,no,6,6,12,49.739,339.958,364.764,-21,1477.254,/tp @s 98 -21 -1474,98,-21,-1474,116,-1452,"135,-32,-1450:1;141,-28,-1498:3;87,-28,-1481:2",added
332,1275123975,138714077447,32,/tp @s 1323 12 87,no,6,6,12,46.487,453.048,523.608,12,1325.857,/tp @s 1323 12 87,1323,12,87,1332,100,"1323,11,106:1;1340,13,112:2;1329,9,133:2;1337,9,125:1",added
333,1275425714,5570393010,1,/tp @s 100 23 -1319,no,6,6,12,60.473,403.386,515.124,23,1322.785,/tp @s 100 23 -1319,100,23,-1319,132,-1340,"85,22,-1321:2;116,14,-1289:1;128,12,-1319:1;140,12,-1275:2",added
334,1279921462,18459790646,4,/tp @s -799 39 270,no,6,6,12,59.144,474.695,503.164,39,843.387,/tp @s -799 39 270,-799,39,270,-748,276,"-740,38,274:2;-819,20,247:2;-819,20,264:2",added
335,1279942792,22754779272,5,/tp @s -887 1 -332,no,6,6,12,46.271,613.842,736.725,1,947.097,/tp @s -887 1 -332,-887,1,-332,-908,-380,"-891,-2,-378:2;-902,0,-372:2;-868,0,-352:2",added
336,1280938759,1280938759,0,/tp @s -783 30 161,no,7,5,12,46.915,359.062,363.199,30,799.381,/tp @s -783 30 161,-783,30,161,-796,196,"-809,39,199:2;-758,29,193:1;-764,35,182:2",added
337,1282670392,,,,yes,9,4,13,44.956,686.849,691.017,0,890.25,/tp @s 128 0 -881,128,0,-881,132,-940,"124,-1,-920:2;137,-1,-896:1;172,-7,-887:1",added
338,1285973947,1285973947,0,/tp @s -769 -37 237,no,6,6,12,72.353,567.152,705.758,-37,804.692,/tp @s -769 -37 237,-769,-37,237,-812,212,"-790,-38,222:1;-753,-38,212:3;-822,-42,188:2",added
339,1285982080,9875916672,2,/tp @s -796 -3 263,no,8,4,12,73.986,200.337,285.232,-3,838.323,/tp @s -796 -3 263,-796,-3,263,-860,244,"-811,-2,286:2;-811,-2,293:1;-844,-22,210:1",added
340,1290178373,31354949445,7,/tp @s 319 -14 -1301,no,6,6,12,80.753,302.113,382.426,-14,1339.538,/tp @s 319 -14 -1301,319,-14,-1301,324,-1340,"299,-17,-1332:1;271,-3,-1365:1;278,1,-1359:2;304,-13,-1343:2",added
341,1292580179,65717089619,15,/tp @s -1292 -23 590,no,5,7,12,41.725,440.363,527.988,-23,1420.339,/tp @s -1292 -23 590,-1292,-23,590,-1292,628,"-1272,-22,603:2;-1266,-20,621:1;-1273,-24,585:2;-1258,-20,614:2",added
342,1294016530,35653754898,8,/tp @s -264 33 -1055,no,5,7,12,81.456,257.540,333.233,33,1087.53,/tp @s -264 33 -1055,-264,33,-1055,-284,-1036,"-278,32,-1043:2;-258,26,-1058:2;-251,26,-1041:2;-187,8,-1064:1",added
343,1296025116,,,,yes,6,6,12,61.408,505.991,601.538,-39,781.146,/tp @s 765 -39 158,765,-39,158,820,180,"826,-46,159:2;773,-40,171:2;787,-40,141:2",added
344,1298252569,,,,yes,9,3,12,48.394,216.163,266.478,-16,940.715,/tp @s -929 -16 -148,-929,-16,-148,-908,-188,"-900,-9,-177:1;-944,-17,-194:1;-931,-11,-166:1",added
345,1299521186,130148540066,30,/tp @s -457 -32 1329,no,7,6,13,81.111,334.154,359.177,-32,1405.379,/tp @s -457 -32 1329,-457,-32,1329,-396,1348,"-444,-39,1338:1;-440,-41,1374:1;-378,-49,1336:2;-394,-35,1358:2",added
346,1300057061,,,,yes,7,5,12,81.308,817.240,879.956,-32,851.24,/tp @s 817 -32 239,817,-32,239,852,260,"817,-21,220:2;898,-27,234:3",added
347,1301920366,70021397102,16,/tp @s 704 -23 -783,no,7,5,12,46.851,170.603,264.071,-23,1052.951,/tp @s 704 -23 -783,704,-23,-783,708,-812,"722,-22,-810:2;735,-22,-803:1;729,-16,-804:1;729,-16,-822:1",added
348,1302693235,27072497011,6,/tp @s -727 25 -444,no,7,5,12,52.783,141.237,169.400,25,851.86,/tp @s -727 25 -444,-727,25,-444,-716,-396,"-728,16,-428:1;-693,12,-432:1;-693,12,-415:2;-754,14,-400:1",added
349,1304584706,190283145730,44,/tp @s 1216 -17 -877,no,6,6,12,54.461,362.568,441.541,-17,1499.261,/tp @s 1216 -17 -877,1216,-17,-877,1188,-908,"1203,-18,-896:2;1201,-28,-893:3;1189,-28,-831:1",added
350,1304642342,,,,yes,7,5,12,28.531,60.910,183.238,-12,1276.911,/tp @s 174 -12 1265,174,-12,1265,148,1268,"169,-13,1285:1;163,-13,1290:1;168,-13,1279:2;156,-19,1244:1",added
351,1311629966,117275746958,27,/tp @s -400 -26 732,no,7,5,12,62.442,415.706,488.304,-26,834.161,/tp @s -400 -26 732,-400,-26,732,-380,772,"-390,-27,725:2;-397,-27,725:1;-367,-27,679:1;-362,-27,687:1",added
352,1320468343,,,,yes,6,6,12,91.225,35.625,122.294,-41,1249.42,/tp @s -933 -41 831,-933,-41,831,-908,868,"-883,-54,856:1;-907,-42,877:2;-907,-42,890:2;-868,-42,895:1",added
353,1321748926,1321748926,0,/tp @s -321 -21 788,no,4,8,12,51.41,50.703,82.987,-21,850.873,/tp @s -321 -21 788,-321,-21,788,-316,740,"-323,-20,751:2;-290,-22,747:1;-295,-18,753:3;-314,-28,769:2",added
354,1324035177,1324035177,0,/tp @s -1408 18 -455,no,7,5,12,39.724,407.988,531.936,18,1479.692,/tp @s -1408 18 -455,-1408,18,-455,-1388,-444,"-1380,25,-432:2;-1380,5,-480:1;-1395,23,-431:1;-1411,25,-449:1",added
355,1327637366,1327637366,0,/tp @s -322 44 1433,no,6,6,12,49.83,422.166,525.033,44,1468.732,/tp @s -322 44 1433,-322,44,1433,-300,1444,"-290,39,1461:1;-305,43,1413:2;-284,43,1438:1;-277,31,1416:2",added
356,1335572394,18515441578,4,/tp @s -1271 31 690,no,5,7,12,59.422,0.000,78.785,31,1446.216,/tp @s -1271 31 690,-1271,31,690,-1244,660,"-1239,30,691:3;-1251,30,678:1;-1212,38,689:3",added
357,1339474334,14224376222,3,/tp @s 741 19 877,no,4,8,12,20.273,742.878,859.745,19,1148.133,/tp @s 741 19 877,741,19,877,724,884,"732,28,874:3;748,18,858:2;742,18,863:2;749,26,885:1",added
358,1340963193,1340963193,0,/tp @s -228 -16 -999,no,7,5,12,113.534,706.144,827.869,-16,1024.688,/tp @s -228 -16 -999,-228,-16,-999,-252,-1052,"-216,-13,-1016:1;-190,-19,-1047:1;-208,-3,-1110:3",added
359,1344917425,14229819313,3,/tp @s -1344 -32 138,no,4,8,12,98.858,284.254,288.161,-32,1351.066,/tp @s -1344 -32 138,-1344,-32,138,-1324,100,"-1264,-35,80:3;-1314,-39,147:2;-1330,-39,152:1;-1303,-35,91:2",added
360,1352410694,57186985542,13,/tp @s 536 -50 -1373,no,7,5,12,30.381,536.665,574.744,-50,1473.915,/tp @s 536 -50 -1373,536,-50,-1373,564,-1388,"549,-45,-1400:2;533,-41,-1380:3",added
361,1352928532,9942863124,2,/tp @s -1416 23 138,no,7,5,12,72.263,161.453,241.921,23,1422.709,/tp @s -1416 23 138,-1416,23,138,-1388,116,"-1405,18,118:2;-1367,0,135:1;-1345,14,148:1;-1383,18,172:1",added
362,1357387468,9947322060,2,/tp @s 1252 13 206,no,4,8,12,71.428,290.570,332.444,13,1268.834,/tp @s 1252 13 206,1252,13,206,1236,244,"1241,22,260:2;1261,24,276:2;1266,24,220:3;1253,22,222:1",added
363,1358767545,1358767545,0,/tp @s -495 19 -844,no,7,5,12,34.191,102.304,141.344,19,978.448,/tp @s -495 19 -844,-495,19,-844,-508,-796,"-475,18,-827:2;-483,18,-819:1;-506,24,-842:1;-483,18,-812:1",added
364,1361925494,14246827382,3,/tp @s -770 -33 751,no,5,7,12,66.076,137.705,187.920,-33,1075.593,/tp @s -770 -33 751,-770,-33,751,-780,756,"-773,-34,817:2;-760,-34,752:3;-802,-40,777:2",added
365,1366360545,18546229729,4,/tp @s -1301 0 -282,no,7,5,12,53.842,136.595,163.831,0,1331.212,/tp @s -1301 0 -282,-1301,0,-282,-1292,-252,"-1294,-1,-262:2;-1285,-1,-277:1;-1292,3,-229:2",added
366,1368486349,5663453645,1,/tp @s -336 20 641,no,7,5,12,68.272,676.221,721.423,20,723.724,/tp @s -336 20 641,-336,20,641,-284,612,"-288,31,635:2;-308,31,636:1;-320,13,575:2",added
367,1369084428,82973463052,19,/tp @s -902 3 -303,no,7,5,12,57.219,371.470,462.557,3,951.532,/tp @s -902 3 -303,-902,3,-303,-860,-300,"-845,-2,-303:1;-885,2,-323:1;-885,2,-330:1;-885,2,-337:2",added
368,1369889733,155988712389,36,/tp @s -1326 -19 -391,no,6,6,12,61.749,346.439,350.611,-19,1382.446,/tp @s -1326 -19 -391,-1326,-19,-391,-1388,-396,"-1371,-20,-384:2;-1336,-26,-395:2;-1384,-26,-371:2",added
369,1372435920,,,,yes,6,6,12,49.417,492.632,582.151,35,988.738,/tp @s -389 35 909,-389,35,909,-364,868,"-349,34,880:2;-378,24,905:2;-385,24,905:1;-348,26,889:1",added
370,1379713603,44329386563,10,/tp @s -1287 -17 -311,no,7,5,12,62.113,171.037,249.628,-17,1324.043,/tp @s -1287 -17 -311,-1287,-17,-311,-1340,-332,"-1321,-12,-356:1;-1313,-18,-296:1;-1291,-24,-335:2;-1340,-12,-343:1",added
371,1379941303,1379941303,0,/tp @s -303 -53 752,no,8,4,12,56.657,102.365,132.333,-53,810.748,/tp @s -303 -53 752,-303,-53,752,-284,788,"-250,-54,732:2;-257,-54,763:1;-296,-54,763:1",added
372,1381414132,409403307252,95,/tp @s 117 -46 1436,no,7,6,13,39.064,57.937,145.695,-46,1440.758,/tp @s 117 -46 1436,117,-46,1436,84,1428,"92,-45,1406:2;127,-53,1462:2;121,-49,1425:2",added
373,1382040381,,,,yes,7,5,12,29.086,533.121,677.046,-15,836.23,/tp @s 716 -15 -432,716,-15,-432,740,-412,"730,-22,-443:1;710,-16,-406:2;703,-16,-406:1;708,-22,-459:1",added
374,1385924069,229019190757,53,/tp @s 1236 3 -833,no,8,4,12,76.197,481.142,535.546,3,1490.498,/tp @s 1236 3 -833,1236,3,-833,1316,-828,"1311,12,-843:1;1273,2,-820:2;1301,10,-802:1",added
375,1386739817,40041445481,9,/tp @s 707 38 735,no,7,5,12,72.118,280.182,368.850,38,1019.84,/tp @s 707 38 735,707,38,735,708,772,"699,31,748:1;691,31,763:1;660,31,783:1;711,37,807:2",added
376,1387867474,14272769362,3,/tp @s 725 23 777,no,4,8,12,52.44,286.169,360.464,23,1062.711,/tp @s 725 23 777,725,23,777,692,756,"695,10,736:1;724,16,767:1;688,10,760:3;731,16,760:3",added
377,1391720281,5686687577,1,/tp @s 731 35 869,no,5,7,12,62.338,52.953,199.026,35,1135.571,/tp @s 731 35 869,731,35,869,724,836,"748,28,848:2;776,28,837:1;710,26,811:2;762,36,852:2",added
378,1393590196,1393590196,0,/tp @s -833 42 858,no,7,5,12,60.951,97.125,149.923,42,1195.848,/tp @s -833 42 858,-833,42,858,-860,836,"-873,43,833:2;-873,37,845:2;-878,39,817:1",added
379,1395510767,,,,yes,6,6,12,56.338,10.125,36.215,-10,1127.107,/tp @s 703 -10 -881,703,-10,-881,740,-892,"744,-17,-880:1;744,-17,-887:1;744,-17,-919:1;730,-17,-911:3",added
380,1398413086,31463184158,7,/tp @s 635 -4 -1055,no,7,5,12,62.37,294.905,332.045,-4,1231.361,/tp @s 635 -4 -1055,635,-4,-1055,628,-956,"647,1,-994:3;596,-7,-1032:1;632,-17,-1063:1",added
381,1407613749,18587482933,4,/tp @s 772 -21 752,no,7,5,12,76.223,288.839,461.828,-21,1077.724,/tp @s 772 -21 752,772,-21,752,788,740,"814,-24,733:2;787,-22,746:1;787,-28,766:1;840,-36,721:1",added
382,1412337368,22887173848,5,/tp @s 780 -30 -261,no,7,5,12,44.396,467.127,528.035,-30,822.509,/tp @s 780 -30 -261,780,-30,-261,772,-252,"747,-37,-239:2;789,-31,-244:1;769,-31,-218:2",added
383,1412525605,,,,yes,6,6,12,23.622,705.602,709.385,15,860.477,/tp @s 848 15 -146,848,15,-146,868,-156,"870,20,-139:1;862,14,-153:1;868,14,-152:2;856,14,-158:2",added
384,1413084241,164621841489,38,/tp @s -1377 42 254,no,7,5,12,92.401,278.218,315.514,42,1400.23,/tp @s -1377 42 254,-1377,42,254,-1340,276,"-1356,39,291:3;-1345,25,339:2",added
385,1416440899,48661081155,11,/tp @s -810 42 -865,no,7,6,13,50.14,59.507,189.790,42,1185.042,/tp @s -810 42 -865,-810,42,-865,-796,-892,"-804,41,-877:3;-794,35,-912:3",added
386,1425640190,65850149630,15,/tp @s 729 27 1258,no,5,7,12,57.315,291.256,407.329,27,1453.962,/tp @s 729 27 1258,729,27,1258,772,1284,"731,22,1246:1;743,20,1257:3;783,12,1246:2;741,22,1223:1",added
387,1425737919,5720705215,1,/tp @s 807 -8 -898,no,8,4,12,64.668,119.264,214.150,-8,1207.333,/tp @s 807 -8 -898,807,-8,-898,852,-876,"869,9,-891:1;868,1,-895:1;851,-5,-889:2",added
388,1429251461,14314153349,3,/tp @s -1456 -12 192,no,8,4,12,71.26,245.067,310.002,-12,1468.605,/tp @s -1456 -12 192,-1456,-12,192,-1404,196,"-1441,-13,186:1;-1402,-11,198:1;-1385,-11,186:2",added
389,1434674657,27204478433,6,/tp @s -947 -38 815,no,7,5,12,91.181,649.322,722.934,-38,1249.413,/tp @s -947 -38 815,-947,-38,815,-908,852,"-889,-23,853:1;-899,-23,870:1;-933,-39,816:2;-880,-23,875:1",added
390,1436892280,18616761464,4,/tp @s -899 24 848,no,7,5,12,62.849,295.885,392.711,24,1235.842,/tp @s -899 24 848,-899,24,848,-876,820,"-873,25,807:1;-880,23,842:2;-873,19,791:1;-904,23,836:1",added
391,1448209687,44397882647,10,/tp @s 623 -33 1166,no,7,5,12,79.032,650.612,712.133,-33,1322.0,/tp @s 623 -33 1166,623,-33,1166,660,1188,"695,-26,1190:2;689,-26,1176:1;662,-34,1159:1;702,-32,1168:1",added
392,1458095473,113127245169,26,/tp @s -1364 32 -300,no,6,6,12,51.565,799.614,840.209,32,1396.602,/tp @s -1364 32 -300,-1364,32,-300,-1340,-348,"-1322,19,-305:1;-1355,31,-311:2;-1344,31,-304:2;-1357,29,-351:1",added
393,1459340753,78768752081,18,/tp @s 837 -20 288,no,7,5,12,68.746,524.015,571.197,-20,885.163,/tp @s 837 -20 288,837,-20,288,804,260,"810,-39,338:1;818,-39,330:2;786,-39,330:1;833,-17,280:1",added
394,1464294230,5759261526,1,/tp @s -755 16 350,no,8,4,12,39.535,319.739,332.606,16,832.181,/tp @s -755 16 350,-755,16,350,-764,324,"-768,15,344:2;-792,21,363:1;-764,21,342:1",added
395,1466734808,1466734808,0,/tp @s -981 -27 752,no,7,5,12,65.498,151.968,304.146,-27,1236.068,/tp @s -981 -27 752,-981,-27,752,-940,772,"-933,-40,763:1;-931,-40,757:1;-924,-40,757:2;-917,-40,757:1",added
396,1468564618,10058499210,2,/tp @s 1277 -44 753,no,6,6,12,75.855,508.208,552.824,-44,1482.477,/tp @s 1277 -44 753,1277,-44,753,1348,772,"1334,-45,754:2;1335,-41,782:1;1352,-45,747:2;1345,-57,722:1",added
397,1471824318,78781235646,18,/tp @s 180 -11 1420,no,8,4,12,50.07,300.923,346.350,-11,1431.363,/tp @s 180 -11 1420,180,-11,1420,196,1428,"215,-16,1450:1;213,-18,1457:1;187,-18,1435:2",added
398,1472927541,14357829429,3,/tp @s 711 23 -957,no,4,8,12,67.868,316.454,355.182,23,1192.212,/tp @s 711 23 -957,711,23,-957,756,-956,"720,22,-943:1;760,34,-984:1;761,32,-1002:3;721,34,-966:3",added
399,1475210132,44424883092,10,/tp @s -257 43 1475,no,7,5,12,46.54,217.441,328.991,43,1497.222,/tp @s -257 43 1475,-257,43,1475,-252,1428,"-256,42,1454:1;-268,40,1442:1;-268,34,1457:1;-303,38,1480:2",added
400,1481354543,,,,yes,8,4,12,82.371,98.762,160.702,-45,1073.074,/tp @s -368 -45 -1008,-368,-45,-1008,-332,-988,"-374,-50,-926:1;-352,-48,-988:2;-395,-42,-1019:1",added
401,1481794741,,,,yes,7,5,12,78.829,477.311,626.292,21,1216.094,/tp @s -833 21 886,-833,21,886,-876,852,"-860,18,812:2;-841,2,939:2;-841,2,946:1",added
402,1481836806,190460397830,44,/tp @s 144 -16 1291,no,6,6,12,93.862,30.000,105.802,-16,1299.006,/tp @s 144 -16 1291,144,-16,1291,132,1236,"131,-17,1244:1;118,-27,1251:2;103,-37,1242:1;77,-31,1227:2",added
403,1484581082,27254384858,6,/tp @s 810 -32 -913,no,7,6,13,101.361,303.379,378.144,-32,1220.52,/tp @s 810 -32 -913,810,-32,-913,868,-908,"852,-39,-932:2;894,-45,-915:1;902,-45,-905:2;905,-47,-881:1",added
404,1488793665,,,,yes,6,6,12,45.978,248.118,370.447,-14,1286.27,/tp @s -373 -14 1231,-373,-14,1231,-396,1236,"-393,-11,1248:2;-407,-11,1255:1;-352,-15,1233:1;-381,-19,1186:2",added
405,1492481837,18672351021,4,/tp @s -203 -25 1200,no,6,6,12,75.186,127.232,201.843,-25,1217.049,/tp @s -203 -25 1200,-203,-25,1200,-236,1188,"-217,-26,1201:2;-223,-30,1192:2;-269,-24,1164:1;-259,-24,1172:1",added
406,1493461633,5788428929,1,/tp @s -800 -38 608,no,9,3,12,74.606,120.071,191.596,-38,1004.82,/tp @s -800 -38 608,-800,-38,608,-844,612,"-833,-29,602:1;-809,-41,534:1;-820,-39,547:1",added
407,1495285595,22970122075,5,/tp @s 656 -7 -744,no,8,4,12,106.457,224.860,265.000,-7,991.903,/tp @s 656 -7 -744,656,-7,-744,612,-764,"601,-2,-774:1;619,-10,-701:2;560,-6,-790:1",added
408,1505785322,,,,yes,7,5,12,46.669,571.874,607.058,-52,1108.379,/tp @s 803 -52 764,803,-52,764,772,788,"779,-53,759:2;812,-51,776:1;763,-59,787:1;806,-51,777:1",added
409,1510740101,,,,yes,6,6,12,105.494,126.952,214.033,-15,1198.32,/tp @s 1183 -15 -191,1183,-15,-191,1188,-284,"1200,14,-269:2;1213,10,-289:3;1213,10,-270:1",added
410,1510865381,,,,yes,8,4,12,98.742,774.636,839.603,24,1349.819,/tp @s 47 24 -1349,47,24,-1349,68,-1292,"53,23,-1334:1;57,35,-1264:1;97,29,-1264:2",added
411,1530767674,18710636858,4,/tp @s -323 18 -1410,no,9,3,12,92.704,409.660,413.815,18,1446.523,/tp @s -323 18 -1410,-323,18,-1410,-316,-1468,"-326,29,-1502:1;-321,29,-1494:1;-330,23,-1452:1",added
412,1531061418,134675047594,31,/tp @s -372 2 1184,no,7,5,12,50.339,4.000,7.159,2,1241.064,/tp @s -372 2 1184,-372,2,1184,-380,1220,"-391,11,1198:1;-389,-7,1174:1;-410,1,1217:1;-371,11,1190:2",added
413,1532519343,104611734447,24,/tp @s 1086 -35 223,no,7,5,12,84.018,392.023,517.543,-35,1108.659,/tp @s 1086 -35 223,1086,-35,223,1140,212,"1131,-28,233:1;1169,-34,236:1;1147,-34,257:3",added
414,1533271003,74547715035,17,/tp @s -465 -17 1285,no,6,6,12,52.669,346.399,384.797,-17,1366.547,/tp @s -465 -17 1285,-465,-17,1285,-444,1252,"-456,-18,1270:2;-508,-24,1278:2;-496,-24,1243:1;-508,-30,1300:1",added
415,1539416793,121798501081,28,/tp @s 1244 -12 -339,no,5,7,12,47.096,172.723,218.517,-12,1289.363,/tp @s 1244 -12 -339,1244,-12,-339,1236,-364,"1208,-21,-368:2;1233,-21,-368:2;1241,-29,-326:1;1249,-29,-334:2",added
416,1542640207,70262116943,16,/tp @s 256 -36 876,no,7,5,12,31.528,429.035,526.652,-36,912.64,/tp @s 256 -36 876,256,-36,876,244,852,"270,-33,857:1;285,-39,864:1;230,-33,876:2;266,-35,876:1",added
417,1545659685,,,,yes,9,3,12,74.713,123.045,183.068,-26,772.818,/tp @s 688 -26 -352,688,-26,-352,676,-396,"694,-27,-372:2;723,-27,-418:1",added
418,1552349201,35912087569,8,/tp @s -266 -2 1177,no,6,6,12,49.051,421.097,542.707,-2,1206.683,/tp @s -266 -2 1177,-266,-2,1177,-284,1140,"-292,3,1141:2;-264,3,1130:1;-252,-3,1130:1;-287,3,1153:2",added
419,1555202466,18735071650,4,/tp @s -273 -34 -1464,no,6,6,12,84.113,39.173,157.709,-34,1489.236,/tp @s -273 -34 -1464,-273,-34,-1464,-284,-1516,"-316,-41,-1486:2;-348,-43,-1427:2;-286,-45,-1440:2",added
420,1559603719,10149538311,2,/tp @s -344 -38 -946,no,7,6,13,73.932,280.279,303.173,-38,1006.604,/tp @s -344 -38 -946,-344,-38,-946,-380,-940,"-358,-37,-975:1;-355,-37,-960:2;-324,-43,-1017:2;-354,-37,-986:1",added
421,1563889467,,,,yes,8,4,12,78.39,581.778,620.402,39,1463.685,/tp @s -1438 39 273,-1438,39,273,-1420,244,"-1437,30,226:1;-1425,30,226:1;-1420,30,233:1;-1450,24,197:1",added
422,1564334596,14449236484,3,/tp @s 1439 -10 76,no,6,6,12,32.711,69.882,109.462,-10,1441.006,/tp @s 1439 -10 76,1439,-10,76,1444,116,"1419,-17,94:1;1429,-11,71:2;1453,-23,87:1;1464,-21,94:2",added
423,1564998617,5859965913,1,/tp @s -841 23 752,no,7,5,12,97.458,268.678,397.689,23,1128.178,/tp @s -841 23 752,-841,23,752,-828,772,"-835,22,767:1;-833,10,788:1;-828,10,782:1;-770,4,816:2",added
424,1565400954,48810041210,11,/tp @s 1226 27 245,no,7,5,12,43.186,566.316,676.691,27,1250.24,/tp @s 1226 27 245,1226,27,245,1188,228,"1219,38,230:2;1186,30,261:2;1206,38,242:1",added
425,1567743780,,,,yes,6,6,12,62.434,60.431,114.680,-23,1046.838,/tp @s -1030 -23 187,-1030,-23,187,-972,180,"-970,-20,204:1;-1023,-20,179:2;-1017,-20,207:2;-997,-26,212:1",added
426,1573917973,1573917973,0,/tp @s -1006 -32 289,no,8,4,12,47.77,294.646,336.350,-32,1046.689,/tp @s -1006 -32 289,-1006,-32,289,-956,276,"-1023,-33,301:2;-991,-43,245:2",added
427,1582449655,31647220727,7,/tp @s 801 7 -863,no,6,6,12,49.092,485.426,521.260,7,1177.442,/tp @s 801 7 -863,801,7,-863,804,-876,"837,2,-830:2;823,2,-833:2;837,-14,-851:1;829,-14,-843:1",added
428,1582648670,1582648670,0,/tp @s -740 27 754,no,6,6,12,48.631,706.344,790.227,27,1056.464,/tp @s -740 27 754,-740,27,754,-732,740,"-725,26,766:2;-725,26,773:1;-726,26,749:2;-704,14,724:1",added
429,1583263760,18763132944,4,/tp @s 1230 5 -369,no,6,6,12,68.666,362.175,499.382,5,1284.158,/tp @s 1230 5 -369,1230,5,-369,1252,-396,"1270,0,-401:2;1257,4,-403:2;1259,-4,-369:1;1289,2,-404:1",added
430,1593451213,,,,yes,8,4,12,86.735,425.744,494.960,22,953.656,/tp @s -894 22 -332,-894,22,-332,-924,-364,"-876,21,-339:1;-882,21,-334:1;-937,15,-407:2",added
431,1593896068,53133503620,12,/tp @s -1278 -9 760,no,8,6,14,62.33,325.105,329.083,-9,1486.904,/tp @s -1278 -9 760,-1278,-9,760,-1308,804,"-1312,-4,812:3;-1302,-4,787:2;-1291,-10,775:1",added
432,1594260777,,,,yes,6,6,12,92.363,183.901,230.893,-6,922.974,/tp @s -909 -6 -160,-909,-6,-160,-988,-156,"-997,11,-144:2;-968,-3,-89:1;-926,-7,-153:2;-956,-15,-204:1",added
433,1594952375,5889919671,1,/tp @s 324 -45 1261,no,6,6,12,42.024,328.501,350.216,-45,1301.959,/tp @s 324 -45 1261,324,-45,1261,340,1284,"329,-38,1298:3;322,-46,1274:1;365,-52,1255:2",added
434,1596203124,91790516340,21,/tp @s -1324 -11 -284,no,6,6,12,73.123,71.795,83.860,-11,1354.117,/tp @s -1324 -11 -284,-1324,-11,-284,-1340,-332,"-1332,4,-334:1;-1318,-12,-304:2;-1338,-12,-262:2;-1339,-2,-355:1",added
435,1603817304,27373621080,6,/tp @s -1457 -23 -212,no,6,6,12,42.308,346.286,413.197,-23,1472.343,/tp @s -1457 -23 -212,-1457,-23,-212,-1436,-252,"-1476,-36,-228:1;-1461,-36,-221:2;-1496,-36,-202:2;-1448,-36,-234:1",added
436,1613808595,10203743187,2,/tp @s -440 23 850,no,5,7,12,105.38,52.000,118.857,23,957.131,/tp @s -440 23 850,-440,23,850,-444,788,"-460,22,863:2;-520,18,892:3;-542,18,876:2",added
437,1622746055,57457320903,13,/tp @s -960 14 928,no,4,8,12,56.754,153.379,248.502,14,1335.209,/tp @s -960 14 928,-960,14,928,-924,884,"-948,21,886:1;-954,21,879:2;-954,21,872:3;-970,17,902:2",added
438,1627869150,1627869150,0,/tp @s 118 -22 -870,no,6,6,12,34.943,388.413,436.370,-22,877.966,/tp @s 118 -22 -870,118,-22,-870,132,-876,"132,-21,-902:2;127,-33,-868:1;127,-33,-861:2;121,-33,-869:1",added
439,1633816583,,,,yes,8,4,12,29.479,388.437,448.451,11,982.811,/tp @s 181 11 -966,181,11,-966,164,-1004,"195,4,-979:1;188,-2,-974:2;165,-6,-948:1",added
440,1651557475,74666001507,17,/tp @s 418 -40 -1384,no,5,7,12,43.012,127.175,201.347,-40,1445.745,/tp @s 418 -40 -1384,418,-40,-1384,372,-1404,"396,-39,-1402:2;390,-39,-1416:2;404,-37,-1390:1;418,-39,-1427:2",added
441,1654027014,61783569158,14,/tp @s 1361 -8 -241,no,6,6,12,50.21,524.064,557.578,-8,1382.173,/tp @s 1361 -8 -241,1361,-8,-241,1412,-268,"1371,3,-262:1;1387,1,-283:1;1363,3,-260:3;1397,-7,-259:1",added
442,1654672290,,,,yes,7,5,12,31.209,80.283,140.097,-10,1486.651,/tp @s -1473 -10 201,-1473,-10,201,-1420,212,"-1456,-11,192:2;-1451,-17,222:1;-1493,-23,216:2",added
443,1654673048,,,,yes,8,4,12,84.67,539.104,652.023,27,935.868,/tp @s 918 27 182,918,27,182,868,132,"927,26,167:2;874,20,110:2",added
444,1655511479,139094464951,32,/tp @s -432 18 1385,no,7,5,12,47.802,192.881,196.287,18,1450.81,/tp @s -432 18 1385,-432,18,1385,-476,1396,"-474,29,1365:1;-449,25,1403:2;-452,23,1365:2",added
445,1655859292,,,,yes,5,7,12,69.361,368.219,463.352,36,1060.152,/tp @s -1051 36 139,-1051,36,139,-1068,180,"-1061,31,164:2;-1100,33,188:1;-1000,31,163:2;-993,31,163:2",added
446,1656866781,,,,yes,6,6,12,65.856,802.942,948.245,2,1021.468,/tp @s -910 2 -464,-910,2,-464,-924,-396,"-888,5,-402:2;-903,5,-450:3;-896,5,-450:1",added
447,1658918020,18838787204,4,/tp @s -205 -28 1310,no,8,4,12,49.427,253.750,311.000,-28,1325.943,/tp @s -205 -28 1310,-205,-28,1310,-236,1332,"-241,-25,1309:2;-252,-25,1295:1;-228,-23,1299:1",added
448,1669048952,10258983544,2,/tp @s 1224 -5 -818,no,6,6,12,67.956,229.394,244.336,-5,1472.175,/tp @s 1224 -5 -818,1224,-5,-818,1236,-860,"1258,2,-854:1;1257,2,-849:2;1247,-12,-828:2;1288,-14,-839:1",added
449,1680683486,1680683486,0,/tp @s -1370 -34 -304,no,6,6,12,58.129,168.136,257.896,-34,1403.323,/tp @s -1370 -34 -304,-1370,-34,-304,-1356,-300,"-1335,-27,-321:1;-1390,-41,-305:1;-1401,-41,-321:2;-1427,-41,-313:2",added
450,1680740586,10270675178,2,/tp @s 290 -35 1261,no,6,6,12,33.793,382.251,471.299,-35,1293.917,/tp @s 290 -35 1261,290,-35,1261,308,1252,"301,-26,1260:2;288,-42,1228:2;298,-42,1236:1;291,-42,1243:1",added
451,1680959525,5975926821,1,/tp @s 1227 -34 -409,no,4,8,12,81.541,70.561,92.325,-34,1293.372,/tp @s 1227 -34 -409,1227,-34,-409,1284,-412,"1271,-27,-409:1;1271,-27,-402:1;1305,-43,-431:3;1260,-29,-428:3",added
452,1682885344,1682885344,0,/tp @s 717 19 215,no,8,4,12,61.066,73.222,126.210,19,748.541,/tp @s 717 19 215,717,19,215,740,260,"731,32,273:1;748,32,259:1;750,26,201:1;725,26,193:1",added
453,1686400559,23161237039,5,/tp @s 1256 -12 -321,no,5,7,12,38.131,0.000,48.770,-12,1296.371,/tp @s 1256 -12 -321,1256,-12,-321,1300,-316,"1276,-13,-344:3;1259,-29,-355:1;1268,-29,-294:3",added
454,1693180095,1693180095,0,/tp @s -1044 26 -306,no,8,4,12,37.961,595.939,646.164,26,1087.921,/tp @s -1044 26 -306,-1044,26,-306,-1004,-316,"-1008,25,-305:1;-1016,25,-286:1;-1008,25,-294:2",added
455,1698155686,1698155686,0,/tp @s -302 17 -1427,no,4,8,12,47.181,47.159,100.230,17,1458.607,/tp @s -302 17 -1427,-302,17,-1427,-348,-1452,"-318,6,-1470:2;-328,16,-1407:2;-320,16,-1415:2;-308,10,-1422:2",added
456,1699058566,,,,yes,6,6,12,56.08,265.443,278.125,-4,889.621,/tp @s 768 -4 -449,768,-4,-449,772,-476,"764,-5,-475:3;758,-5,-475:1;768,-7,-505:2",added
457,1699690812,31764461884,7,/tp @s 1269 9 -209,no,5,7,12,25.02,239.536,269.797,9,1286.096,/tp @s 1269 9 -209,1269,9,-209,1268,-236,"1285,6,-228:2;1257,8,-215:2;1262,8,-221:2;1259,-4,-224:1",added
458,1702095528,,,,yes,7,5,12,60.481,190.683,205.119,-32,1273.106,/tp @s 1256 -32 208,1256,-32,208,1300,180,"1302,-37,214:1;1278,-33,217:2;1316,-35,208:1;1316,-35,215:1",added
459,1702669059,5997636355,1,/tp @s -768 -45 242,no,6,6,12,43.012,251.377,254.488,-45,805.225,/tp @s -768 -45 242,-768,-45,242,-748,212,"-804,-40,219:2;-754,-58,213:2;-763,-46,208:2",added
460,1713545648,1713545648,0,/tp @s -1432 16 -227,no,6,6,12,75.591,189.523,277.661,16,1449.88,/tp @s -1432 16 -227,-1432,16,-227,-1452,-236,"-1430,27,-236:3;-1490,21,-246:1;-1487,21,-235:1;-1465,17,-295:1",added
461,1719124256,,,,yes,7,5,12,38.923,159.064,234.986,-4,1084.118,/tp @s -496 -4 -964,-496,-4,-964,-444,-924,"-467,-11,-983:1;-486,-11,-960:1;-467,-11,-989:2;-474,-9,-984:1",added
462,1720408210,1720408210,0,/tp @s 637 -39 -1024,no,6,6,12,84.794,351.982,391.498,-39,1205.962,/tp @s 637 -39 -1024,637,-39,-1024,676,-988,"684,-30,-993:1;684,-30,-954:1;692,-30,-962:2;645,-34,-1045:2",added
463,1727503106,,,,yes,7,5,12,61.392,643.304,728.935,-3,1216.251,/tp @s -785 -3 -929,-785,-3,-929,-780,-972,"-773,-8,-989:1;-771,-4,-928:2;-758,-10,-957:2",added
464,1730225516,18910094700,4,/tp @s 1100 22 782,no,8,4,12,107.233,686.379,824.007,22,1349.638,/tp @s 1100 22 782,1100,22,782,1156,804,"1172,35,790:2;1130,27,793:1;1183,33,849:1",added
465,1730891654,,,,yes,7,7,14,27.911,261.977,350.825,-39,1415.213,/tp @s 1277 -39 610,1277,-39,610,1300,644,"1296,-34,617:2;1292,-40,623:1;1304,-40,617:2;1286,-40,623:2",added
466,1731253266,,,,yes,6,6,12,59.515,489.114,583.313,-24,1168.288,/tp @s 660 -24 -964,660,-24,-964,628,-924,"653,-25,-945:1;634,-25,-955:2;620,-27,-970:2;606,-25,-939:1",added
467,1732500963,10322435555,2,/tp @s 286 -29 -784,no,7,5,12,55.453,142.613,285.328,-29,834.537,/tp @s 286 -29 -784,286,-29,-784,308,-812,"303,-30,-774:1;341,-36,-783:1;320,-30,-769:1;305,-42,-786:2",added
468,1735668917,36095407285,8,/tp @s 1161 -42 -834,no,6,6,12,52.163,32.750,38.718,-42,1429.502,/tp @s 1161 -42 -834,1161,-42,-834,1188,-828,"1213,-43,-838:2;1133,-43,-849:2;1143,-43,-841:1;1148,-43,-858:1",added
469,1739583533,14624485421,3,/tp @s 157 24 801,no,6,6,12,33.749,140.375,241.059,24,816.241,/tp @s 157 24 801,157,24,801,180,788,"190,31,802:1;178,31,818:2;176,23,802:1;171,23,828:2",added
470,1742367331,,,,yes,7,5,12,34.073,263.579,332.507,-27,1004.448,/tp @s -1004 -27 30,-1004,-27,30,-988,84,"-970,-26,28:2;-983,-28,31:1;-990,-28,31:2",added
471,1754204897,6049172193,1,/tp @s 794 -27 1257,no,5,7,12,71.463,423.767,464.369,-27,1486.77,/tp @s 794 -27 1257,794,-27,1257,820,1284,"787,-40,1287:3;789,-32,1322:1;795,-32,1297:2;779,-38,1326:1",added
472,1757554636,87656900556,20,/tp @s -266 21 1263,no,6,6,12,55.982,263.128,285.438,21,1290.707,/tp @s -266 21 1263,-266,21,1263,-300,1252,"-321,24,1253:3;-285,18,1225:1;-266,14,1218:1;-284,20,1281:1",added
473,1758391104,1758391104,0,/tp @s -290 13 -1376,no,5,7,12,94.62,294.841,384.351,13,1406.228,/tp @s -290 13 -1376,-290,13,-1376,-252,-1356,"-251,10,-1376:2;-219,10,-1405:3;-200,-10,-1394:2",added
474,1758613860,1758613860,0,/tp @s 1312 -33 370,no,8,5,13,69.007,438.386,545.261,-33,1363.174,/tp @s 1312 -33 370,1312,-33,370,1268,356,"1249,-36,342:1;1284,-34,385:2;1304,-52,380:2",added
475,1767525621,,,,yes,6,6,12,41.821,509.055,542.789,37,1359.272,/tp @s 216 37 -1342,216,37,-1342,228,-1372,"240,26,-1363:2;222,20,-1332:2;190,20,-1314:1;203,14,-1356:1",added
476,1769250093,186452843821,43,/tp @s 722 -6 -1042,no,8,4,12,32.326,917.861,961.897,-6,1267.694,/tp @s 722 -6 -1042,722,-6,-1042,692,-988,"715,-7,-1017:1;713,-7,-1025:1;710,-7,-1012:1;715,-13,-1041:1",added
477,1770435261,23245271741,5,/tp @s -791 36 -867,no,7,5,12,53.842,18.875,32.847,36,1173.614,/tp @s -791 36 -867,-791,36,-867,-780,-828,"-803,35,-852:2;-788,29,-867:1;-801,29,-862:1;-844,33,-858:1",added
478,1777920975,83382299599,19,/tp @s 1235 -15 -208,no,7,5,12,41.122,168.436,199.683,-15,1252.393,/tp @s 1235 -15 -208,1235,-15,-208,1236,-252,"1257,-16,-187:2;1259,-16,-181:1;1266,-16,-181:2",added
479,1779988340,10369922932,2,/tp @s 558 5 1279,no,7,5,12,59.211,437.899,464.148,5,1395.423,/tp @s 558 5 1279,558,5,1279,612,1284,"602,10,1299:1;614,8,1260:2;596,10,1265:2",added
480,1780872083,,,,yes,6,6,12,70.781,102.716,149.077,26,1019.649,/tp @s 720 26 -722,720,26,-722,708,-780,"714,31,-789:1;714,31,-772:3;730,23,-754:1;701,31,-790:1",added
481,1780980254,,,,yes,9,3,12,89.727,224.306,235.842,17,1463.284,/tp @s 764 17 -1248,764,17,-1248,740,-1244,"730,26,-1267:2;675,20,-1259:1",added
482,1782987611,6077954907,1,/tp @s 1188 -23 267,no,7,5,12,39.421,79.377,164.690,-23,1217.634,/tp @s 1188 -23 267,1188,-23,267,1220,228,"1224,-24,257:2;1171,-36,270:2;1225,-36,271:1",added
483,1784093967,1784093967,0,/tp @s -973 13 784,no,8,4,12,44.788,392.275,441.729,13,1249.554,/tp @s -973 13 784,-973,13,784,-1004,820,"-937,12,790:2;-932,12,802:1;-956,12,754:1",added
484,1784747789,,,,yes,7,5,12,122.519,331.116,335.359,14,826.716,/tp @s 768 14 -306,768,14,-306,756,-364,"746,11,-339:1;762,13,-319:2;757,13,-333:1;751,5,-427:1",added
485,1785014931,508591155859,118,/tp @s -1420 14 173,no,7,5,12,41.485,328.866,391.540,14,1430.5,/tp @s -1420 14 173,-1420,14,173,-1388,148,"-1398,23,139:1;-1398,23,167:1;-1444,13,149:1;-1438,11,166:2",added
486,1786933354,66211442794,15,/tp @s 591 9 -965,no,5,7,12,47.308,98.802,223.995,9,1131.594,/tp @s 591 9 -965,591,9,-965,612,-972,"603,18,-982:2;628,10,-976:2;580,16,-986:2;637,10,-954:1",added
487,1788274580,40442980244,9,/tp @s -16 21 1494,no,7,5,12,62.113,141.806,205.104,21,1494.086,/tp @s -16 21 1494,-16,21,1494,36,1460,"10,-4,1496:1;3,-4,1496:2;31,14,1454:1;-3,-4,1439:1",added
488,1797949533,,,,yes,8,4,12,65.315,175.364,291.788,8,1348.911,/tp @s 1291 8 -391,1291,8,-391,1364,-396,"1355,19,-384:1;1337,19,-384:1;1293,1,-387:2",added
489,1798098920,,,,yes,6,6,12,72.312,131.774,195.769,17,976.939,/tp @s -947 17 -240,-947,17,-240,-908,-268,"-906,14,-294:2;-899,14,-294:2;-925,14,-294:1;-928,16,-216:1",added
490,1800179955,10390114547,2,/tp @s 1158 -30 -815,no,5,7,12,63.261,622.299,728.864,-30,1416.047,/tp @s 1158 -30 -815,1158,-30,-815,1156,-796,"1172,-19,-818:1;1203,-31,-779:2;1198,-31,-766:2;1171,-23,-775:2",added
491,1800945574,10390880166,2,/tp @s 229 2 1175,no,8,4,12,54.791,522.656,648.316,2,1197.107,/tp @s 229 2 1175,229,2,1175,228,1172,"252,7,1209:2;239,9,1210:1;280,1,1195:1",added
492,1801595487,57636170335,13,/tp @s 899 -48 -776,no,6,6,12,95.781,1137.688,1231.938,-48,1187.593,/tp @s 899 -48 -776,899,-48,-776,884,-764,"877,-31,-747:1;877,-31,-740:2;891,-35,-710:1;886,-35,-682:2",added
493,1802471621,18982340805,4,/tp @s -758 2 -902,no,9,3,12,81.4,345.316,435.748,2,1178.205,/tp @s -758 2 -902,-758,2,-902,-780,-876,"-776,7,-837:2;-794,1,-829:1",added
494,1808047127,,,,yes,6,6,12,63.071,94.815,206.893,-34,1239.371,/tp @s -979 -34 760,-979,-34,760,-988,804,"-980,-27,805:2;-937,-39,790:1;-950,-35,816:1;-987,-41,762:2",added
495,1808531273,10398465865,2,/tp @s -441 15 -801,no,7,5,12,57.576,248.459,255.913,15,914.375,/tp @s -441 15 -801,-441,15,-801,-460,-844,"-468,20,-839:2;-424,16,-856:1;-427,14,-794:2",added
496,1815125217,1815125217,0,/tp @s -900 20 -702,no,7,5,12,58.078,0.500,79.166,20,1141.404,/tp @s -900 20 -702,-900,20,-702,-876,-748,"-893,23,-714:1;-925,25,-725:1;-935,17,-748:2;-942,17,-742:1",added
497,1815349665,,,,yes,8,4,12,99.146,367.100,463.837,-17,1448.18,/tp @s 1405 -17 351,1405,-17,351,1380,388,"1403,-22,450:1;1411,-22,442:1;1392,-24,352:2",added
498,1823168434,27592972210,6,/tp @s 95 -5 -1467,no,5,7,12,96.385,502.191,522.552,-5,1470.073,/tp @s 95 -5 -1467,95,-5,-1467,68,-1452,"83,-2,-1460:2;45,-4,-1492:2;-1,-12,-1462:1;33,-10,-1492:2",added
499,1826124660,40480830324,9,/tp @s -1350 -19 -470,no,7,5,12,53.245,33.750,76.224,-19,1429.475,/tp @s -1350 -19 -470,-1350,-19,-470,-1356,-508,"-1332,-18,-517:2;-1325,-18,-517:2;-1351,-26,-511:1",added
500,1830958417,23305794897,5,/tp @s -886 -28 816,no,7,5,12,44.215,55.354,120.671,-28,1204.513,/tp @s -886 -28 816,-886,-28,816,-876,772,"-861,-29,803:2;-843,-23,825:3",added
501,1839054093,23313890573,5,/tp @s 1272 7 -785,no,8,4,12,41.352,200.247,275.464,7,1494.727,/tp @s 1272 7 -785,1272,7,-785,1268,-780,"1276,18,-768:2;1301,12,-756:1;1295,12,-751:1",added
502,1841339170,10431273762,2,/tp @s -555 38 -767,no,6,6,12,34.103,394.356,460.965,38,946.739,/tp @s -555 38 -767,-555,38,-767,-508,-796,"-522,31,-772:1;-523,37,-766:2;-541,37,-766:1;-548,37,-782:2",added
503,1844420532,6139387828,1,/tp @s -921 -23 537,no,5,7,12,52.335,582.665,654.830,-23,1066.119,/tp @s -921 -23 537,-921,-23,537,-940,564,"-926,-16,540:3;-960,-24,542:2;-938,-30,488:1;-884,-18,533:1",added
504,1845149793,14730051681,3,/tp @s 188 -14 -1472,no,6,6,12,62.298,693.553,814.439,-14,1483.957,/tp @s 188 -14 -1472,188,-14,-1472,180,-1436,"186,-15,-1427:1;167,-21,-1419:2;194,-15,-1410:1;207,-15,-1417:2",added
505,1848834746,23323671226,5,/tp @s -1440 4 -336,no,5,7,12,74.371,683.448,780.114,4,1478.68,/tp @s -1440 4 -336,-1440,4,-336,-1388,-364,"-1373,13,-367:2;-1410,9,-317:1;-1416,15,-323:2;-1379,9,-335:2",added
506,1849105439,1849105439,0,/tp @s 1282 -6 124,no,6,6,12,78.301,8.750,49.181,-6,1287.983,/tp @s 1282 -6 124,1282,-6,124,1284,100,"1296,5,108:1;1320,-1,132:2;1353,-7,91:3",added
507,1849122855,,,,yes,6,6,12,56.169,553.287,601.568,-17,733.027,/tp @s 652 -17 335,652,-17,335,692,308,"689,-24,362:1;683,-30,380:2;676,-24,357:1;688,-24,351:2",added
508,1855734785,1855734785,0,/tp @s 220 0 -937,no,7,5,12,39.937,123.479,270.817,0,962.481,/tp @s 220 0 -937,220,0,-937,228,-908,"245,3,-906:3;209,-1,-927:1;216,-11,-938:1",added
509,1857774694,14742676582,3,/tp @s -810 20 -407,no,7,5,12,69.014,160.212,232.297,20,906.504,/tp @s -810 20 -407,-810,20,-407,-860,-396,"-852,19,-406:1;-868,15,-411:2;-851,15,-411:1;-875,17,-384:1",added
510,1862122790,,,,yes,4,8,12,88.741,46.088,251.046,-20,1206.319,/tp @s 1182 -20 241,1182,-20,241,1188,260,"1195,-31,311:1;1205,-31,326:2;1233,-29,304:3;1242,-35,303:2",added
511,1864919252,23339755732,5,/tp @s 332 17 1218,no,5,7,12,30.627,156.430,252.063,17,1262.437,/tp @s 332 17 1218,332,17,1218,324,1252,"317,16,1227:2;337,16,1242:2;351,16,1242:1;324,6,1219:2",added
512,1867102455,246680238327,57,/tp @s -387 22 1325,no,6,6,12,103.01,174.621,217.215,22,1380.36,/tp @s -387 22 1325,-387,22,1325,-380,1364,"-408,33,1331:2;-385,33,1321:2;-335,35,1345:1;-398,39,1426:1",added
513,1869416415,44819089375,10,/tp @s 1246 -21 545,no,6,6,12,33.556,292.094,401.676,-21,1359.978,/tp @s 1246 -21 545,1246,-21,545,1284,580,"1245,-22,572:3;1245,-22,578:1;1252,-22,578:2",added
514,1875266480,,,,yes,8,4,12,63.789,326.144,383.535,21,1385.121,/tp @s -335 21 1344,-335,21,1344,-284,1348,"-287,20,1386:3;-285,20,1359:1",added
515,1876039173,70595515909,16,/tp @s 1156 43 622,no,7,5,12,47.55,685.080,728.264,43,1312.715,/tp @s 1156 43 622,1156,43,622,1156,660,"1168,44,668:1;1143,42,646:2;1143,42,639:2",added
516,1878139187,14763041075,3,/tp @s 255 40 -912,no,5,7,12,42.214,332.978,443.373,40,946.979,/tp @s 255 40 -912,255,40,-912,276,-924,"293,37,-917:3;272,41,-937:2;289,41,-937:2",added
517,1880266704,10470201296,2,/tp @s -822 -40 842,no,7,5,12,44.956,109.538,204.256,-40,1176.711,/tp @s -822 -40 842,-822,-40,842,-780,868,"-796,-31,877:2;-800,-41,848:2;-794,-49,876:1",added
518,1881018911,27650822687,6,/tp @s -809 -26 -818,no,8,5,13,38.536,212.541,216.645,-26,1150.48,/tp @s -809 -26 -818,-809,-26,-818,-796,-844,"-779,-23,-842:2;-790,-21,-836:1;-779,-25,-834:1;-790,-27,-803:1",added
519,1881191888,135025178064,31,/tp @s -242 44 895,no,6,6,12,60.216,183.630,282.085,44,927.14,/tp @s -242 44 895,-242,44,895,-300,884,"-255,43,889:3;-278,33,901:1;-243,43,884:1;-282,43,850:1",added
520,1893689900,,,,yes,8,4,12,65.223,408.738,446.479,-27,785.968,/tp @s 711 -27 -335,711,-27,-335,740,-348,"741,-16,-342:1;772,-34,-357:2;772,-34,-351:1",added
521,1899756209,1899756209,0,/tp @s 724 -21 -847,no,4,8,12,40.915,364.377,480.222,-21,1114.264,/tp @s 724 -21 -847,724,-21,-847,756,-812,"707,-26,-815:2;717,-26,-807:2;736,-30,-832:3;722,-56,-850:1",added
522,1900088940,6195056236,1,/tp @s 228 19 1323,no,8,4,12,44.933,226.475,308.122,19,1342.503,/tp @s 228 19 1323,228,19,1323,164,1348,"185,32,1324:2;215,18,1329:2",added
523,1900523344,6195490640,1,/tp @s 644 -15 -316,no,5,7,12,62.49,557.107,638.336,-15,717.351,/tp @s 644 -15 -316,644,-15,-316,676,-300,"689,-16,-338:1;692,-16,-276:3;653,-30,-314:1;659,-16,-262:2",added
524,1900824319,23375660799,5,/tp @s -803 -9 -875,no,8,4,12,41.737,48.596,124.347,-9,1187.617,/tp @s -803 -9 -875,-803,-9,-875,-796,-844,"-781,-22,-842:2;-795,-28,-885:1;-793,-10,-865:1",added
525,1902014648,1902014648,0,/tp @s 168 -55 777,no,5,7,12,44.023,360.579,501.830,-55,794.955,/tp @s 168 -55 777,168,-55,777,116,756,"128,-42,764:1;173,-50,760:2;161,-46,780:2;126,-52,773:2",added
526,1908079634,1908079634,0,/tp @s -11 -32 -1041,no,9,3,12,41.243,345.305,403.540,-32,1041.058,/tp @s -11 -32 -1041,-11,-32,-1041,36,-1036,"15,-33,-1035:1;8,-33,-1045:1;27,-31,-1057:1",added
527,1922344577,10512279169,2,/tp @s 1344 -41 155,no,6,6,12,67.631,497.196,577.730,-41,1352.908,/tp @s 1344 -41 155,1344,-41,155,1348,100,"1332,-42,95:2;1344,-40,130:1;1331,-48,89:3",added
528,1925145811,220968477907,51,/tp @s -760 -35 -960,no,8,4,12,39.535,1.000,68.680,-35,1224.418,/tp @s -760 -35 -960,-760,-35,-960,-796,-972,"-777,-24,-988:2;-777,-42,-995:1;-765,-48,-963:1",added
529,1931728195,,,,yes,7,5,12,127.805,183.791,256.711,-9,1135.185,/tp @s -1094 -9 -303,-1094,-9,-303,-1052,-348,"-971,-16,-337:2;-978,-26,-320:2;-1040,-18,-348:1",added
530,1937265293,23412101773,5,/tp @s -369 17 1345,no,6,6,12,75.617,123.789,160.495,17,1394.699,/tp @s -369 17 1345,-369,17,1345,-332,1380,"-341,16,1370:2;-324,16,1370:1;-342,10,1327:1;-304,10,1383:2",added
531,1946471915,6241439211,1,/tp @s -448 43 652,no,6,6,12,78.848,347.885,449.688,43,791.08,/tp @s -448 43 652,-448,43,652,-476,596,"-480,40,587:2;-480,40,580:1;-436,42,628:1;-476,24,622:2",added
532,1948086534,10538021126,2,/tp @s -1030 4 193,no,7,5,12,59.11,97.036,137.508,4,1047.926,/tp @s -1030 4 193,-1030,4,193,-988,196,"-1016,3,194:2;-1009,3,165:1;-976,-3,216:2",added
533,1952296779,117916413771,27,/tp @s 715 17 726,no,6,6,12,51.827,236.745,324.897,17,1018.971,/tp @s 715 17 726,715,17,726,756,708,"738,10,716:1;718,10,716:1;722,-2,724:2;681,-4,693:2",added
534,1952413904,36312152272,8,/tp @s 606 -34 -1351,no,6,7,13,142.93,282.511,324.322,-34,1480.688,/tp @s 606 -34 -1351,606,-34,-1351,676,-1292,"671,-25,-1273:1;704,-31,-1247:1;586,-29,-1281:3;593,-35,-1336:2",added
535,1952487949,,,,yes,7,5,12,55.227,57.942,97.500,9,1364.281,/tp @s -1360 9 108,-1360,9,108,-1404,84,"-1381,14,91:1;-1385,20,60:1;-1367,14,91:2;-1406,10,115:1",added
536,1964043758,87863389678,20,/tp @s -957 -42 844,no,7,5,12,75.193,301.507,467.507,-42,1276.004,/tp @s -957 -42 844,-957,-42,844,-940,836,"-946,-37,866:2;-973,-43,861:1;-899,-39,828:1;-883,-45,831:1",added
537,1971081131,19150950315,4,/tp @s 751 29 718,no,6,6,12,50.537,225.293,241.337,29,1039.002,/tp @s 751 29 718,751,29,718,756,692,"771,28,693:2;763,26,669:1;776,26,687:1;765,28,712:2",added
538,1971682088,1971682088,0,/tp @s -1004 -39 -99,no,6,6,12,101.183,359.672,492.490,-39,1008.869,/tp @s -1004 -39 -99,-1004,-39,-99,-1004,-156,"-998,-40,-112:1;-987,-46,-174:3;-979,-42,-197:1;-984,-42,-192:1",added
539,1974808328,,,,yes,6,6,12,46.925,0.000,95.565,-26,961.412,/tp @s 848 -26 -453,848,-26,-453,868,-444,"854,-27,-465:2;855,-29,-476:2;856,-43,-496:2",added
540,1975813190,,,,yes,8,4,12,47.592,503.860,572.494,-10,1231.421,/tp @s -931 -10 806,-931,-10,806,-956,788,"-915,-11,784:1;-918,-11,793:1;-977,-3,796:2",added
541,1976537444,10566472036,2,/tp @s 1206 -17 -255,no,5,7,12,61.147,568.540,607.991,-17,1232.664,/tp @s 1206 -17 -255,1206,-17,-255,1236,-220,"1207,-18,-230:2;1198,-24,-218:1;1209,-24,-250:2;1185,-24,-198:2",added
542,1980678064,10570612656,2,/tp @s 599 39 -400,no,5,7,12,97.227,582.545,636.907,39,720.278,/tp @s 599 39 -400,599,39,-400,612,-380,"629,36,-378:3;648,38,-348:3;685,28,-356:1",added
543,1985133408,19165002592,4,/tp @s 1185 -9 -897,no,6,7,13,50.05,148.137,226.625,-9,1486.215,/tp @s 1185 -9 -897,1185,-9,-897,1156,-860,"1191,-10,-882:2;1235,-8,-895:2;1190,-24,-889:2;1217,-12,-917:1",added
544,1988133622,23462970102,5,/tp @s -799 -1 680,no,7,5,12,39.064,275.085,314.815,-1,1049.191,/tp @s -799 -1 680,-799,-1,680,-828,644,"-829,-2,655:2;-824,-2,663:1;-805,-2,667:2",added
545,1988777949,1988777949,0,/tp @s 654 -43 -299,no,7,5,12,66.536,313.920,362.127,-43,719.108,/tp @s 654 -43 -299,654,-43,-299,676,-284,"673,-44,-273:2;669,-50,-293:1;701,-46,-252:2",added
546,1990267694,1990267694,0,/tp @s 255 11 735,no,6,6,12,78.109,168.372,226.399,11,777.978,/tp @s 255 11 735,255,11,735,228,724,"195,-2,745:1;179,-4,745:2;260,-2,732:1;246,-10,753:2",added
547,1991092041,19170961225,4,/tp @s -898 -1 816,no,4,8,12,39.674,538.403,629.818,-1,1213.367,/tp @s -898 -1 816,-898,-1,816,-892,788,"-884,2,793:2;-884,2,786:2;-884,-2,810:1;-884,2,779:3",added
548,1991364623,,,,yes,6,6,12,70.434,62.301,210.304,-19,1320.078,/tp @s 1293 -19 266,1293,-19,266,1332,292,"1334,-22,306:1;1327,-22,312:1;1302,-32,289:2;1321,-28,330:2",added
549,2002180911,49246821167,11,/tp @s 1278 -7 -684,no,7,5,12,68.957,385.189,447.125,-7,1449.531,/tp @s 1278 -7 -684,1278,-7,-684,1252,-732,"1279,-8,-719:2;1273,-8,-714:1;1292,-8,-699:1;1259,-20,-749:1",added
550,2007280937,75021724969,17,/tp @s -484 -37 -961,no,7,5,12,102.074,54.367,131.724,-37,1076.0,/tp @s -484 -37 -961,-484,-37,-961,-460,-940,"-452,-40,-917:1;-476,-46,-901:2;-401,-44,-902:2",added
551,2009156679,2009156679,0,/tp @s -277 46 685,no,7,5,12,31.321,205.474,209.063,46,738.887,/tp @s -277 46 685,-277,46,685,-284,708,"-291,45,713:2;-285,43,682:1;-290,43,667:2",added
552,2011383170,,,,yes,7,5,12,91.351,277.960,326.472,-31,761.94,/tp @s 733 -31 -208,733,-31,-208,788,-236,"777,-28,-288:2;751,-28,-250:1;766,-28,-259:2",added
553,2015678264,23490514744,5,/tp @s 764 -22 -1025,no,6,6,12,48.198,191.891,203.966,-22,1278.406,/tp @s 764 -22 -1025,764,-22,-1025,772,-1068,"774,-27,-1029:1;774,-27,-1022:2;781,-19,-1070:1;758,-33,-999:2",added
554,2028263763,2028263763,0,/tp @s 238 -16 -1458,no,8,4,12,75.723,239.056,298.524,-16,1477.298,/tp @s 238 -16 -1458,238,-16,-1458,292,-1436,"270,-21,-1404:2;304,-33,-1425:2",added
555,2031285332,2031285332,0,/tp @s -908 31 336,no,7,5,12,69.065,475.500,478.501,31,968.174,/tp @s -908 31 336,-908,31,336,-876,356,"-885,26,325:1;-879,28,338:1;-864,26,389:1;-892,12,370:2",added
556,2031331840,,,,yes,5,8,13,53.907,500.323,574.519,17,937.034,/tp @s 713 17 608,713,17,608,756,580,"764,24,592:2;729,24,608:3;723,22,567:3",added
557,2035617015,6330584311,1,/tp @s 1273 -42 207,no,5,7,12,37.027,430.912,453.005,-42,1289.72,/tp @s 1273 -42 207,1273,-42,207,1268,244,"1267,-43,233:2;1268,-43,221:2;1254,-49,238:2;1286,-43,197:1",added
558,2037118815,,,,yes,6,6,12,17.146,0.375,23.125,-13,1253.527,/tp @s 1189 -13 -397,1189,-13,-397,1236,-412,"1183,-26,-395:2;1200,-26,-395:3;1199,-14,-409:1",added
559,2040465744,19220334928,4,/tp @s 811 -27 170,no,5,7,12,54.507,383.840,484.192,-27,828.626,/tp @s 811 -27 170,811,-27,170,788,212,"788,-14,190:1;851,-38,194:2;828,-18,221:1;815,-18,189:3",added
560,2055104430,,,,yes,7,5,12,81.099,391.769,515.594,-10,946.346,/tp @s -913 -10 -249,-913,-10,-249,-940,-284,"-964,-13,-276:2;-954,-13,-268:1;-991,-13,-271:2",added
561,2056679897,,,,yes,7,5,12,45.497,71.253,87.235,-17,1070.477,/tp @s 632 -17 864,632,-17,864,644,804,"646,-12,821:2;646,-18,858:2;654,-18,850:1",added
562,2057674306,2057674306,0,/tp @s 1189 21 -467,no,6,6,12,55.884,308.330,370.267,21,1277.423,/tp @s 1189 21 -467,1189,21,-467,1204,-428,"1161,10,-432:1;1189,14,-449:2;1184,4,-414:1;1222,14,-472:2",added
563,2064143848,19244013032,4,/tp @s -1437 5 107,no,5,7,12,44.294,347.273,401.913,5,1440.978,/tp @s -1437 5 107,-1437,5,107,-1452,148,"-1456,4,139:2;-1462,4,138:1;-1477,4,88:2;-1436,-8,96:2",added
564,2066632840,10656567432,2,/tp @s 661 33 -944,no,7,5,12,101.956,506.814,531.191,33,1152.414,/tp @s 661 33 -944,661,33,-944,708,-892,"691,32,-887:1;710,28,-916:2;682,32,-938:1;700,18,-851:1",added
565,2068705168,70788181904,16,/tp @s -1287 -37 184,no,9,3,12,29.58,149.367,273.879,-37,1300.087,/tp @s -1287 -37 184,-1287,-37,184,-1308,180,"-1293,-38,199:2;-1262,-46,197:1",added
566,2068982659,27838786435,6,/tp @s 298 -42 -856,no,7,5,12,59.245,212.914,335.682,-42,906.388,/tp @s 298 -42 -856,298,-42,-856,260,-860,"301,-37,-872:1;293,-37,-889:2;298,-37,-864:1;300,-37,-915:1",added
567,2069622251,10659556843,2,/tp @s -904 22 -769,no,6,6,12,86.753,408.952,500.118,22,1186.835,/tp @s -904 22 -769,-904,22,-769,-908,-796,"-914,17,-804:2;-888,21,-804:1;-955,17,-832:2;-955,17,-839:1",added
568,2071420875,49316061131,11,/tp @s -928 29 -864,no,7,5,12,59.211,207.270,266.177,29,1267.943,/tp @s -928 29 -864,-928,29,-864,-892,-876,"-912,26,-822:2;-924,32,-923:1;-893,30,-902:2",added
569,2077164427,70796641163,16,/tp @s -1471 27 248,no,6,6,12,75.299,267.673,275.717,27,1491.759,/tp @s -1471 27 248,-1471,27,248,-1516,228,"-1517,34,248:1;-1517,34,241:1;-1536,44,214:3;-1531,44,222:1",added
570,2077202538,143811123306,33,/tp @s 232 30 -1467,no,7,5,12,44.922,196.501,284.094,30,1485.232,/tp @s 232 30 -1467,232,30,-1467,292,-1468,"267,27,-1439:2;237,25,-1438:1;252,29,-1472:1;251,33,-1432:1",added
571,2080884383,,,,yes,7,5,12,20.445,154.348,179.054,-35,968.969,/tp @s 670 -35 700,670,-35,700,660,772,"685,-42,712:1;671,-42,693:1;662,-30,705:3",added
572,2082679624,23557516104,5,/tp @s 1286 -14 321,no,9,4,13,90.028,627.811,773.595,-14,1325.457,/tp @s 1286 -14 321,1286,-14,321,1300,356,"1288,-13,411:2;1280,-19,368:2",added
573,2084847290,19264716474,4,/tp @s -415 25 687,no,8,4,12,55.955,126.652,185.849,25,802.617,/tp @s -415 25 687,-415,25,687,-428,724,"-438,24,738:1;-408,28,673:1;-421,18,676:2",added
574,2087691064,66512200504,15,/tp @s -962 -14 206,no,8,5,13,36.249,257.448,342.035,-14,983.809,/tp @s -962 -14 206,-962,-14,206,-924,196,"-944,-3,207:1;-940,-15,215:2;-930,-15,223:1;-982,-7,191:1",added
575,2089131847,,,,yes,6,6,12,99.448,344.545,447.773,-17,1134.452,/tp @s -865 -17 -734,-865,-17,-734,-812,-796,"-821,-14,-800:1;-827,-18,-778:2;-786,-24,-794:3",added
576,2090455274,45040128234,10,/tp @s -1329 -45 -450,no,7,5,12,87.875,188.415,323.127,-45,1403.118,/tp @s -1329 -45 -450,-1329,-45,-450,-1340,-508,"-1341,-48,-537:1;-1338,-46,-465:2;-1327,-40,-524:2",added
577,2098893626,,,,yes,6,6,12,44.833,170.257,274.921,-21,969.943,/tp @s -935 -21 -258,-935,-21,-258,-908,-220,"-906,-26,-237:1;-900,-22,-230:2;-937,-28,-242:1;-974,-28,-240:2",added
578,2100819185,62230361329,14,/tp @s 788 -34 1267,no,6,6,12,66.828,182.009,287.855,-34,1492.057,/tp @s 788 -34 1267,788,-34,1267,756,1236,"749,-39,1261:2;724,-43,1250:2;796,-35,1249:2",added
579,2107722394,96597002906,22,/tp @s 1271 37 219,no,5,7,12,99.448,547.039,639.424,37,1289.729,/tp @s 1271 37 219,1271,37,219,1236,196,"1232,30,178:1;1274,24,228:3;1218,32,135:2;1221,42,165:1",added
580,2110660066,6405627362,1,/tp @s 744 6 376,no,7,5,12,70.441,400.476,468.526,6,833.614,/tp @s 744 6 376,744,6,376,788,324,"743,23,321:2;751,23,308:2;780,5,356:1",added
581,2120395756,,,,yes,6,6,12,29.086,163.074,221.665,38,1496.778,/tp @s -1448 38 -379,-1448,38,-379,-1404,-348,"-1437,31,-353:2;-1450,31,-373:3;-1450,31,-380:1",added
582,2123845721,,,,yes,8,4,12,48.104,277.125,336.056,-49,1389.338,/tp @s -231 -49 -1370,-231,-49,-1370,-204,-1404,"-198,-44,-1403:1;-221,-50,-1361:1;-183,-48,-1373:2",added
583,2134074795,40788780459,9,/tp @s -40 -40 1361,no,6,7,13,128.884,412.701,488.121,-40,1361.588,/tp @s -40 -40 1361,-40,-40,1361,36,1332,"-3,-43,1401:1;22,-41,1344:2;-13,-41,1295:2;9,-33,1242:2",added
584,2137366716,53676974268,12,/tp @s -931 3 -343,no,8,4,12,77.318,241.586,312.956,3,992.174,/tp @s -931 3 -343,-931,3,-343,-908,-316,"-935,10,-286:1;-943,2,-333:1;-920,12,-267:2",added
585,2137560369,2137560369,0,/tp @s 650 -38 -706,no,8,4,12,65.886,189.351,264.530,-38,959.654,/tp @s 650 -38 -706,650,-38,-706,628,-748,"651,-39,-738:2;644,-39,-719:1;636,-45,-770:1",added
586,2138807408,10728742000,2,/tp @s -1045 29 -369,no,7,5,12,54.203,37.645,149.443,29,1108.236,/tp @s -1045 29 -369,-1045,29,-369,-1036,-332,"-1013,30,-377:2;-1038,16,-346:1;-1029,20,-318:1;-1030,16,-375:1",added
587,2138975409,,,,yes,8,4,12,18.628,438.606,544.650,-20,1393.51,/tp @s 1363 -20 290,1363,-20,290,1364,276,"1377,-21,283:1;1350,-23,277:2;1370,-29,292:1",added
588,2139315540,15024217428,3,/tp @s -336 -22 -1310,no,6,7,13,59.017,275.496,363.872,-22,1352.404,/tp @s -336 -22 -1310,-336,-22,-1310,-380,-1340,"-361,-15,-1363:2;-363,-15,-1326:3;-349,-23,-1350:2",added
589,2142267676,19322136860,4,/tp @s -1425 14 283,no,7,5,12,67.253,383.839,476.294,14,1452.83,/tp @s -1425 14 283,-1425,14,283,-1436,244,"-1446,13,280:1;-1448,9,220:1;-1448,9,227:1;-1458,3,245:2",added
590,2145686808,83750065432,19,/tp @s 220 -21 766,no,5,7,12,47.937,287.689,390.604,-21,796.967,/tp @s 220 -21 766,220,-21,766,244,740,"224,-22,730:3;234,-22,738:2;239,-22,722:2",added
591,2148887169,45098560129,10,/tp @s -1352 35 73,no,6,6,12,65.184,262.361,330.940,35,1353.969,/tp @s -1352 35 73,-1352,35,73,-1404,68,"-1389,40,74:2;-1416,38,85:1;-1365,34,67:2;-1414,38,71:1",added
592,2150646133,,,,yes,6,6,12,48.6,0.000,62.492,-11,886.522,/tp @s 295 -11 836,295,-11,836,260,820,"273,-12,847:2;276,-14,802:1;296,-14,803:1;248,-8,824:2",added
593,2151871716,152475727076,35,/tp @s -304 20 -1429,no,7,5,12,25.981,359.587,472.853,20,1460.978,/tp @s -304 20 -1429,-304,20,-1429,-332,-1388,"-311,19,-1404:2;-310,21,-1417:2;-292,11,-1418:1",added
594,2156101800,131005120680,30,/tp @s -1422 -23 -383,no,5,7,12,35.185,437.734,566.228,-23,1472.675,/tp @s -1422 -23 -383,-1422,-23,-383,-1452,-428,"-1421,-24,-397:3;-1431,-6,-386:3;-1452,-6,-376:1",added
595,2159892042,,,,yes,7,5,12,51.711,235.166,298.968,16,1037.578,/tp @s -987 16 320,-987,16,320,-940,324,"-962,7,303:2;-947,7,298:1;-939,7,303:2",added
596,2160607560,,,,yes,6,7,13,115.161,352.077,447.552,29,1217.672,/tp @s 800 29 918,800,29,918,772,852,"762,26,826:2;738,26,821:1;801,28,904:2;767,32,884:2",added
597,2164562984,66589072424,15,/tp @s 1199 18 -880,no,8,4,12,87.35,65.888,197.148,18,1487.28,/tp @s 1199 18 -880,1199,18,-880,1236,-956,"1184,15,-966:1;1213,17,-911:2;1221,17,-906:1",added
598,2165869474,204029332386,47,/tp @s 624 -18 1281,no,6,6,12,35.355,144.200,219.233,-18,1424.899,/tp @s 624 -18 1281,624,-18,1281,644,1316,"649,-19,1282:2;659,-13,1281:2;605,-17,1275:2",added
599,2172804545,45122477505,10,/tp @s 1242 -10 -332,no,8,4,12,71.896,293.697,388.183,-10,1285.608,/tp @s 1242 -10 -332,1242,-10,-332,1252,-284,"1248,-27,-390:1;1247,-27,-346:1;1227,-21,-377:1;1258,-27,-400:1",added
600,2177002204,6471969500,1,/tp @s -364 -24 -1357,no,5,7,12,31.922,60.625,105.440,-24,1404.972,/tp @s -364 -24 -1357,-364,-24,-1357,-380,-1388,"-344,-23,-1374:1;-347,-23,-1384:2;-371,-31,-1369:1;-376,-31,-1376:3",added
601,2179606198,109553788598,25,/tp @s 92 11 -897,no,6,6,12,104.183,84.450,168.353,11,901.706,/tp @s 92 11 -897,92,11,-897,148,-908,"163,10,-896:2;176,12,-889:1;194,14,-876:1;162,6,-873:2",added
602,2181807950,,,,yes,8,4,12,37.35,558.412,620.910,21,1365.438,/tp @s -1248 21 554,-1248,21,554,-1244,612,"-1243,22,591:2;-1271,22,557:1;-1259,12,574:1",added
603,2183783811,23658620291,5,/tp @s -1077 -9 329,no,7,5,12,47.645,344.308,411.784,-9,1126.131,/tp @s -1077 -9 329,-1077,-9,329,-1036,308,"-1040,-10,299:1;-1040,-10,316:1;-1079,-16,335:3",added
604,2187462225,10777396817,2,/tp @s -877 27 636,no,7,5,12,53.796,271.742,391.467,27,1083.34,/tp @s -877 27 636,-877,27,636,-908,644,"-912,34,614:3;-882,36,644:1;-926,24,658:1",added
605,2191858377,15076760265,3,/tp @s 763 -30 -702,no,6,6,12,105.347,303.155,448.987,-30,1036.809,/tp @s 763 -30 -702,763,-30,-702,740,-780,"764,-33,-797:1;769,-31,-715:2;796,-33,-802:2;773,-31,-701:1",added
606,2193384646,27963188422,6,/tp @s 648 24 677,no,5,7,12,64.892,145.427,152.700,24,937.141,/tp @s 648 24 677,648,24,677,692,692,"698,25,683:2;665,23,686:2;674,23,664:2;707,23,650:1",added
607,2195589452,173994281292,40,/tp @s -392 27 -1423,no,4,9,13,25.981,185.101,269.023,27,1476.006,/tp @s -392 27 -1423,-392,27,-1423,-348,-1404,"-381,40,-1405:3;-373,32,-1406:2;-409,34,-1409:2;-409,34,-1416:2",added
608,2195743527,27965547303,6,/tp @s -316 20 -774,no,6,6,12,38.393,560.781,752.428,20,836.022,/tp @s -316 20 -774,-316,20,-774,-348,-764,"-348,23,-795:2;-285,15,-774:1;-326,23,-769:1;-285,15,-780:2",added
609,2195927483,32260698555,7,/tp @s 111 17 1384,no,7,5,12,86.058,404.212,450.610,17,1388.444,/tp @s 111 17 1384,111,17,1384,116,1348,"144,22,1323:3;165,16,1317:1;175,10,1349:1",added
610,2198445568,53738053120,12,/tp @s 707 -30 -791,no,6,6,12,54.571,18.416,63.719,-30,1060.91,/tp @s 707 -30 -791,707,-30,-791,724,-828,"706,-33,-827:3;719,-35,-844:1;716,-31,-801:1;687,-35,-796:1",added
611,2199609899,,,,yes,6,6,12,103.45,180.263,292.604,23,1207.141,/tp @s -842 23 -865,-842,23,-865,-796,-860,"-788,22,-864:1;-834,16,-854:1;-740,20,-882:2;-815,20,-921:2",added
612,2202620977,,,,yes,7,5,12,30.887,339.528,430.806,0,944.697,/tp @s 182 0 -927,182,0,-927,148,-924,"174,13,-912:1;166,13,-904:1;166,13,-936:2;171,13,-928:1",added
613,2204461135,10794395727,2,/tp @s 152 4 1187,no,6,6,12,46.508,264.928,288.754,4,1196.693,/tp @s 152 4 1187,152,4,1187,148,1140,"169,9,1144:2;152,3,1157:2;178,3,1174:1;145,-3,1172:1",added
614,2210900874,6505868170,1,/tp @s 1352 9 -479,no,5,7,12,59.573,10.125,61.378,9,1434.345,/tp @s 1352 9 -479,1352,9,-479,1348,-524,"1362,34,-501:2;1354,38,-531:2;1382,32,-504:3",added
615,2212130956,27981934732,6,/tp @s -866 -24 289,no,6,6,12,33.793,163.541,287.209,-24,912.95,/tp @s -866 -24 289,-866,-24,289,-892,308,"-868,-31,322:2;-861,-31,281:3;-867,-33,292:1",added
616,2222461741,19402330925,4,/tp @s -849 -25 187,no,8,4,12,43.977,347.014,413.024,-25,869.35,/tp @s -849 -25 187,-849,-25,187,-844,212,"-811,-18,190:2;-811,-18,166:2",added
617,2223454474,,,,yes,7,5,12,85.387,509.918,514.161,8,832.762,/tp @s -778 8 -297,-778,8,-297,-812,-332,"-794,11,-325:2;-783,-7,-343:2;-859,7,-324:1",added
618,2223734352,,,,yes,5,7,12,28.337,528.390,536.045,7,1494.085,/tp @s 829 7 -1243,829,7,-1243,804,-1244,"817,6,-1229:1;810,6,-1222:1;835,0,-1234:2;829,0,-1229:3",added
619,2224954443,10814889035,2,/tp @s 319 22 -737,no,7,5,12,50.705,124.542,229.110,22,803.075,/tp @s 319 22 -737,319,22,-737,308,-780,"290,35,-754:1;335,29,-739:1;355,23,-731:1;368,23,-724:2",added
620,2233502157,251341605325,58,/tp @s 1326 -29 -322,no,7,5,12,37.603,106.589,196.064,-29,1364.537,/tp @s 1326 -29 -322,1326,-29,-322,1364,-364,"1343,-14,-352:1;1343,-30,-316:1;1302,-36,-329:3",added
621,2241174781,,,,yes,5,7,12,50.695,473.463,573.689,21,860.717,/tp @s 853 21 115,853,21,115,852,132,"867,32,145:2;861,32,127:2;861,32,120:2;893,24,146:1",added
622,2243756024,19423625208,4,/tp @s -1049 -29 143,no,7,5,12,64.203,276.640,308.468,-29,1058.702,/tp @s -1049 -29 143,-1049,-29,143,-1004,148,"-985,-24,144:2;-1002,-26,120:2;-1020,-30,137:1",added
623,2247601885,6542569181,1,/tp @s 1307 -10 -357,no,8,4,12,25.04,283.986,329.463,-10,1354.879,/tp @s 1307 -10 -357,1307,-10,-357,1332,-348,"1332,-11,-356:1;1324,-11,-348:2;1323,-5,-348:1",added
624,2250031029,10839965621,2,/tp @s 854 -5 127,no,7,5,12,104.757,431.753,548.280,-5,863.392,/tp @s 854 -5 127,854,-5,127,900,164,"920,-10,190:1;920,-10,207:2;936,-10,192:2",added
625,2251414147,45201087107,10,/tp @s -474 5 -798,no,8,5,13,81.939,162.965,236.843,5,928.159,/tp @s -474 5 -798,-474,5,-798,-460,-812,"-459,4,-804:2;-415,-18,-850:2;-441,-16,-848:1",added
626,2253997107,53793604659,12,/tp @s -333 12 -934,no,6,6,12,59.875,414.362,468.191,12,991.587,/tp @s -333 12 -934,-333,12,-934,-316,-892,"-362,5,-902:1;-369,5,-902:1;-377,5,-894:2;-329,5,-914:2",added
627,2254630024,32319401096,7,/tp @s -1058 -20 125,no,7,5,12,61.587,367.179,487.275,-20,1065.359,/tp @s -1058 -20 125,-1058,-20,125,-1036,148,"-1046,-27,185:1;-1058,-27,130:1;-1050,-33,168:3",added
628,2256205474,79565616802,18,/tp @s -1445 -43 -193,no,6,6,12,74.76,133.353,231.025,-43,1457.832,/tp @s -1445 -43 -193,-1445,-43,-193,-1484,-188,"-1465,-60,-123:2;-1431,-44,-191:2;-1470,-58,-182:2",added
629,2257456085,79566867413,18,/tp @s 1258 -4 814,no,4,8,12,63.135,288.883,379.757,-4,1498.386,/tp @s 1258 -4 814,1258,-4,814,1284,836,"1260,-9,789:1;1242,-9,775:2;1235,-9,763:2;1213,-9,770:3",added
630,2257462628,,,,yes,7,5,12,32.772,399.089,479.538,-41,1299.04,/tp @s 364 -41 1247,364,-41,1247,340,1220,"351,-56,1244:2;357,-42,1262:1;361,-48,1272:1;344,-48,1272:1",added
631,2259849397,15144751285,3,/tp @s -413 -21 912,no,6,6,12,45.891,346.903,387.945,-21,1001.156,/tp @s -413 -21 912,-413,-21,912,-428,868,"-411,-24,873:2;-444,-40,884:1;-425,-28,904:1;-425,-28,911:2",added
632,2261872611,28031676387,6,/tp @s 224 28 857,no,8,4,12,64.039,263.781,395.115,28,885.791,/tp @s 224 28 857,224,28,857,196,820,"215,29,802:2;225,27,843:1;184,29,807:1",added
633,2262494108,,,,yes,8,4,12,72.677,667.860,796.215,16,911.303,/tp @s 107 16 -905,107,16,-905,132,-860,"135,15,-881:2;148,15,-845:2",added
634,2267388832,32332159904,7,/tp @s 671 -45 -963,no,7,5,12,61.408,310.090,422.819,-45,1173.716,/tp @s 671 -45 -963,671,-45,-963,708,-988,"709,-38,-1006:1;722,-44,-973:2;730,-44,-980:2",added
635,2268189203,36627927571,8,/tp @s 629 8 -402,no,7,5,12,29.017,685.208,777.243,8,746.488,/tp @s 629 8 -402,629,8,-402,644,-428,"624,23,-423:2;617,21,-425:1;635,7,-415:2",added
636,2271153036,23745989516,5,/tp @s -1292 26 672,no,7,5,12,155.913,347.143,466.835,26,1456.313,/tp @s -1292 26 672,-1292,26,672,-1292,708,"-1345,13,785:2;-1364,17,810:2;-1292,1,755:1",added
637,2281477387,,,,yes,4,8,12,35.014,367.174,398.837,18,907.232,/tp @s -837 18 -350,-837,18,-350,-844,-348,"-858,17,-322:2;-857,25,-361:2;-830,31,-368:2;-845,11,-362:2",added
638,2285442926,49530083182,11,/tp @s 631 29 -898,no,8,4,12,40.274,88.829,255.636,29,1097.527,/tp @s 631 29 -898,631,29,-898,628,-924,"668,22,-897:1;663,28,-908:1;654,20,-908:1;670,28,-908:1",added
639,2300500138,792574482602,184,/tp @s -1387 29 -300,no,6,6,12,21.048,404.484,508.233,29,1419.073,/tp @s -1387 29 -300,-1387,29,-300,-1420,-284,"-1408,28,-299:3;-1390,22,-312:2;-1382,22,-301:1",added
640,2304862964,6599830260,1,/tp @s 831 -38 -464,no,7,5,12,85.399,616.492,620.601,-38,951.765,/tp @s 831 -38 -464,831,-38,-464,804,-476,"812,-35,-486:1;819,-35,-486:3;763,-51,-514:1",added
641,2306757460,,,,yes,7,5,12,72.739,334.528,344.810,0,1010.95,/tp @s -894 0 -472,-894,0,-472,-924,-492,"-882,-1,-490:1;-917,-1,-541:2;-881,-13,-466:2",added
642,2307952682,62437494826,14,/tp @s 1220 -21 193,no,5,7,12,69.814,310.268,421.885,-21,1235.172,/tp @s 1220 -21 193,1220,-21,193,1252,228,"1248,-16,191:1;1277,-14,213:2;1260,-16,183:2;1284,-14,220:2",added
643,2310393808,,,,yes,5,8,13,53.833,390.272,440.044,2,895.59,/tp @s 791 2 -420,791,2,-420,740,-428,"747,3,-451:3;756,3,-457:1;790,-5,-432:2;794,-11,-422:2",added
644,2310837619,15195739507,3,/tp @s 703 -6 -701,no,7,5,12,76.824,748.831,752.302,-6,992.779,/tp @s 703 -6 -701,703,-6,-701,708,-748,"728,-13,-742:1;742,-11,-767:2;764,-21,-731:2",added
645,2311079137,,,,yes,6,6,12,58.267,63.326,79.660,-39,1134.484,/tp @s -482 -39 -1027,-482,-39,-1027,-444,-988,"-489,-40,-1017:1;-471,-34,-970:2;-450,-48,-1022:2;-443,-48,-1022:1",added
646,2312616223,15197518111,3,/tp @s -873 -45 -353,no,8,4,12,64.576,94.377,157.548,-45,941.668,/tp @s -873 -45 -353,-873,-45,-353,-828,-380,"-832,-42,-364:1;-848,-46,-352:1;-856,-46,-369:1;-809,-52,-358:1",added
647,2312763154,,,,yes,8,5,13,68.25,912.859,916.341,10,894.591,/tp @s -353 10 -822,-353,10,-822,-300,-860,"-343,9,-849:3;-314,11,-878:1;-299,11,-804:1",added
648,2314374812,,,,yes,7,5,12,60.183,122.340,262.798,27,1050.259,/tp @s -862 27 600,-862,27,600,-908,596,"-891,32,598:1;-874,26,604:1;-913,16,630:3",added
649,2315578370,66740087810,15,/tp @s -255 23 -874,no,8,4,12,99.373,435.862,454.540,23,910.44,/tp @s -255 23 -874,-255,23,-874,-316,-876,"-348,22,-909:1;-269,28,-902:1;-267,32,-867:2",added
650,2316047052,,,,yes,6,6,12,44.023,610.887,753.270,-1,1081.196,/tp @s -1061 -1 208,-1061,-1,208,-1020,180,"-1033,-2,201:1;-1078,-8,168:2;-1049,-2,212:2;-1087,-2,229:1",added
651,2317000698,10906935290,2,/tp @s -317 1 -1441,no,6,6,12,70.562,208.815,286.568,1,1475.456,/tp @s -317 1 -1441,-317,1,-1441,-348,-1388,"-321,-6,-1445:2;-288,-6,-1439:2;-301,-6,-1427:1;-346,-12,-1378:1",added
652,2317511671,,,,yes,7,5,12,40.817,337.729,362.059,-5,1390.201,/tp @s 833 -5 1113,833,-5,1113,836,1156,"833,-2,1149:2;845,-12,1127:1;852,-8,1149:1;801,0,1114:1",added
653,2321488764,23796325244,5,/tp @s -393 9 -1444,no,6,6,12,109.412,340.624,420.648,9,1496.524,/tp @s -393 9 -1444,-393,9,-1444,-348,-1420,"-331,12,-1428:1;-338,0,-1393:1;-320,0,-1363:2;-383,8,-1428:2",added
654,2325246717,,,,yes,8,4,12,85.709,223.193,268.497,-1,921.48,/tp @s -394 -1 -833,-394,-1,-833,-332,-860,"-322,4,-862:2;-310,0,-816:1;-327,4,-879:1",added
655,2327467390,32392238462,7,/tp @s 794 9 744,no,8,4,12,41.976,480.173,484.225,9,1088.105,/tp @s 794 9 744,794,9,744,756,772,"773,14,780:1;800,8,759:1;794,16,765:2",added
656,2329499911,15214401799,3,/tp @s -1426 14 -247,no,6,6,12,50.458,193.180,218.547,14,1447.234,/tp @s -1426 14 -247,-1426,14,-247,-1404,-316,"-1394,13,-286:3;-1399,-5,-254:2;-1411,-7,-255:1",added
657,2330002553,15214904441,3,/tp @s 206 17 -727,no,7,5,12,31.032,645.468,648.800,17,755.622,/tp @s 206 17 -727,206,17,-727,180,-764,"177,16,-738:1;210,4,-735:1;186,10,-737:2;198,4,-722:1",added
658,2335384868,,,,yes,4,8,12,53.6,496.144,583.185,9,1177.473,/tp @s 1169 9 141,1169,9,141,1156,100,"1155,8,138:2;1160,8,146:2;1167,8,153:2;1195,0,187:2",added
659,2342225287,75356669319,17,/tp @s 719 -36 897,no,9,3,12,96.711,134.669,258.458,-36,1149.596,/tp @s 719 -36 897,719,-36,897,692,884,"682,-37,908:1;740,-49,926:1;631,-39,937:1",added
660,2342646746,,,,yes,5,7,12,49.78,107.064,169.131,40,945.14,/tp @s -933 40 151,-933,40,151,-940,164,"-924,39,175:2;-932,39,183:2;-927,39,166:2;-914,39,197:1",added
661,2342669727,6637637023,1,/tp @s -263 -33 -1381,no,6,6,12,57.671,254.579,337.944,-33,1405.82,/tp @s -263 -33 -1381,-263,-33,-1381,-284,-1388,"-276,-34,-1387:2;-274,-50,-1435:1;-246,-50,-1379:2;-284,-50,-1425:1",added
662,2344239350,10934173942,2,/tp @s 781 13 -729,no,6,6,12,41.449,210.750,344.882,13,1068.364,/tp @s 781 13 -729,781,13,-729,788,-716,"787,12,-770:1;786,28,-745:3;810,28,-745:2",added
663,2351324657,6646291953,1,/tp @s 361 27 736,no,7,6,13,59.447,208.155,252.794,27,819.766,/tp @s 361 27 736,361,27,736,324,788,"330,16,741:1;340,26,726:2;318,16,748:2;303,28,723:1",added
664,2359989587,,,,yes,7,5,12,103.204,320.372,327.632,-39,936.667,/tp @s 273 -39 -896,273,-39,-896,340,-908,"360,-18,-918:1;374,-18,-899:2;369,-24,-888:2",added
665,2361215070,,,,yes,6,6,12,77.679,103.556,203.443,37,1469.833,/tp @s -469 37 -1393,-469,37,-1393,-428,-1372,"-454,36,-1410:1;-479,24,-1394:3;-435,28,-1351:1;-397,34,-1364:1",added
666,2363244115,6658211411,1,/tp @s -1309 4 -194,no,6,6,12,57.784,468.673,583.238,4,1323.298,/tp @s -1309 4 -194,-1309,4,-194,-1260,-252,"-1258,1,-221:1;-1269,3,-191:1;-1261,3,-199:2;-1277,3,-187:2",added
667,2365381130,,,,yes,9,4,13,106.348,335.920,455.950,20,1285.976,/tp @s 143 20 -1278,143,20,-1278,148,-1340,"132,17,-1333:1;144,19,-1325:2;117,15,-1381:1",added
668,2368331934,,,,yes,7,5,12,73.014,83.765,193.371,36,1270.628,/tp @s -164 36 1260,-164,36,1260,-204,1284,"-155,29,1262:2;-181,35,1301:1;-135,35,1327:1;-150,23,1230:1",added
669,2376640288,199945135904,46,/tp @s -465 -18 753,no,6,6,12,63.206,292.232,303.656,-18,885.005,/tp @s -465 -18 753,-465,-18,753,-444,708,"-458,-25,738:2;-451,-21,783:3;-450,-25,692:1",added
670,2380762722,71100239458,16,/tp @s 1099 19 55,no,7,5,12,79.981,107.259,232.464,19,1100.375,/tp @s 1099 19 55,1099,19,55,1124,84,"1096,26,53:2;1097,6,89:1;1111,6,133:1;1115,6,94:1",added
671,2381532159,,,,yes,7,5,12,69.469,395.025,526.132,31,1468.077,/tp @s -1465 31 95,-1465,31,95,-1436,84,"-1471,42,65:3;-1481,40,28:1;-1457,40,49:1",added
672,2383628524,10973563116,2,/tp @s 1401 -9 -235,no,7,5,12,30.822,462.446,604.456,-9,1420.572,/tp @s 1401 -9 -235,1401,-9,-235,1380,-252,"1386,-2,-261:1;1407,0,-244:3;1414,-2,-213:1",added
673,2385357932,15270259820,3,/tp @s -925 27 -256,no,5,8,13,51.088,767.018,781.174,27,959.771,/tp @s -925 27 -256,-925,27,-256,-908,-268,"-901,26,-247:2;-917,14,-292:2;-880,24,-232:2;-905,20,-248:2",added
674,2385603272,251493706440,58,/tp @s 3 -39 -944,no,9,3,12,83.223,702.651,770.061,-39,944.005,/tp @s 3 -39 -944,3,-39,-944,68,-940,"79,-38,-950:1;86,-38,-950:1;67,-52,-969:1",added
675,2393517308,49638157564,11,/tp @s 603 5 -853,no,6,6,12,37.67,53.845,143.853,5,1044.614,/tp @s 603 5 -853,603,5,-853,644,-844,"634,18,-836:3;617,14,-829:1;611,10,-861:1;604,10,-861:1",added
676,2394989988,,,,yes,8,4,12,55.082,214.837,301.775,-21,1305.596,/tp @s 166 -21 -1295,166,-21,-1295,212,-1292,"199,-16,-1279:1;214,-20,-1268:2;186,-26,-1256:1",added
677,2395224622,,,,yes,7,5,12,43.578,1.500,41.950,39,1052.038,/tp @s 649 39 828,649,39,828,660,852,"672,38,865:1;650,36,845:2;642,38,860:1;652,38,868:1",added
678,2397791449,,,,yes,5,7,12,37.216,311.708,315.392,-26,1202.131,/tp @s 208 -26 1184,208,-26,1184,260,1204,"238,-27,1206:2;238,-27,1199:2;245,-27,1182:2;238,-27,1185:1",added
679,2426372257,,,,yes,8,4,12,45.365,379.556,412.136,-22,1137.134,/tp @s -793 -22 -815,-793,-22,-815,-780,-844,"-772,-23,-822:2;-765,-29,-850:1;-757,-29,-840:1",added
680,2426842201,36786580569,8,/tp @s -939 40 817,no,7,5,12,87.103,162.283,236.273,40,1244.673,/tp @s -939 40 817,-939,40,817,-892,820,"-908,41,827:1;-913,41,871:1;-875,29,855:1;-936,37,904:2",added
681,2432758952,19612628136,4,/tp @s 659 43 -1073,no,6,6,12,46.422,234.212,290.693,43,1259.21,/tp @s 659 43 -1073,659,43,-1073,676,-1036,"694,38,-1057:2;704,40,-1084:3;690,32,-1057:1",added
682,2434396419,346031780099,80,/tp @s -358 30 -1439,no,4,8,12,40.361,233.455,237.558,30,1482.864,/tp @s -358 30 -1439,-358,30,-1439,-316,-1420,"-339,23,-1426:2;-338,17,-1428:1;-320,17,-1435:2;-336,23,-1411:3",added
683,2437872147,2437872147,0,/tp @s 143 -35 612,no,7,5,12,80.119,542.426,619.267,-35,628.485,/tp @s 143 -35 612,143,-35,612,116,628,"107,-16,622:1;74,-18,649:2;72,-22,625:2",added
684,2443393386,161357183338,37,/tp @s 130 -38 1215,no,8,5,13,73.559,355.588,445.291,-38,1221.935,/tp @s 130 -38 1215,130,-38,1215,180,1220,"132,-33,1186:1;139,-39,1281:2;139,-39,1288:2",added
685,2443874835,,,,yes,4,8,12,38.301,806.957,830.243,39,1252.244,/tp @s 833 39 935,833,39,935,852,868,"854,38,918:1;862,38,910:2;844,38,928:3;847,38,936:2",added
686,2445415695,2445415695,0,/tp @s 721 26 -914,no,7,5,12,105.48,340.747,414.126,26,1164.146,/tp @s 721 26 -914,721,26,-914,756,-908,"799,11,-928:2;819,-13,-915:1;812,-13,-921:2",added
687,2447898159,2447898159,0,/tp @s -872 -9 -510,no,6,6,12,62.378,57.772,104.231,-9,1010.19,/tp @s -872 -9 -510,-872,-9,-510,-876,-508,"-901,-4,-565:2;-880,0,-486:2;-892,-16,-520:2",added
688,2450419480,2450419480,0,/tp @s -1021 -21 -342,no,6,6,12,47.181,523.586,613.061,-21,1076.757,/tp @s -1021 -21 -342,-1021,-21,-342,-988,-316,"-1003,-18,-306:3;-1017,-22,-295:2;-1046,-28,-312:1",added
689,2452266867,,,,yes,5,8,13,50.299,125.365,160.753,-10,1144.242,/tp @s 1133 -10 160,1133,-10,160,1140,212,"1131,-11,208:2;1148,-11,208:2;1126,-11,186:3;1156,-11,191:1",added
690,2459559697,92653872913,21,/tp @s 214 42 -913,no,6,6,12,55.767,64.875,149.185,42,937.745,/tp @s 214 42 -913,214,42,-913,212,-876,"219,41,-891:2;220,45,-881:1;220,45,-874:2;167,43,-883:1",added
691,2463564921,2463564921,0,/tp @s -780 -8 -363,no,6,6,12,66.106,122.990,252.920,-8,860.331,/tp @s -780 -8 -363,-780,-8,-363,-812,-316,"-798,-3,-338:2;-779,-9,-317:3;-792,-9,-298:1",added
692,2466056280,,,,yes,6,6,12,80.536,332.485,390.222,-38,1003.078,/tp @s -873 -38 -494,-873,-38,-494,-940,-492,"-946,-39,-521:1;-938,-39,-511:1;-946,-39,-528:2;-878,-45,-501:2",added
693,2470135864,,,,yes,5,7,12,65.445,645.629,716.022,-35,1055.148,/tp @s -429 -35 -964,-429,-35,-964,-428,-988,"-432,-28,-1029:1;-440,-42,-974:1;-467,-26,-977:3;-459,-26,-985:2",added
694,2470582427,,,,yes,6,6,12,24.372,282.462,351.344,4,1398.641,/tp @s 146 4 -1391,146,4,-1391,180,-1372,"170,1,-1388:1;149,-7,-1399:2;154,-7,-1391:2;161,-7,-1391:1",added
695,2472255445,,,,yes,8,4,12,96.302,149.125,252.269,-40,945.897,/tp @s -385 -40 -864,-385,-40,-864,-348,-844,"-365,-49,-800:2;-342,-47,-873:1;-365,-55,-771:1",added
696,2474523808,11064458400,2,/tp @s 1298 43 -290,no,6,7,13,43.761,32.251,35.400,43,1330.002,/tp @s 1298 43 -290,1298,43,-290,1348,-332,"1330,42,-304:2;1283,40,-331:1;1330,42,-283:2;1335,42,-289:2",added
697,2485691017,,,,yes,6,6,12,85.2,194.996,360.896,34,1132.347,/tp @s -747 34 -851,-747,34,-851,-780,-892,"-774,37,-884:3;-740,37,-863:2;-676,31,-804:1",added
698,2494352891,,,,yes,6,6,12,111.955,107.167,141.352,41,1245.813,/tp @s 185 41 1232,185,41,1232,228,1268,"197,36,1283:3;186,42,1328:1;255,34,1258:1;283,30,1285:1",added
699,2496688042,,,,yes,6,6,12,53.094,243.183,246.996,33,1443.51,/tp @s -1438 33 126,-1438,33,126,-1404,116,"-1423,30,111:2;-1397,26,93:1;-1412,28,81:2;-1429,24,88:1",added
700,2498633050,6793600346,1,/tp @s 1174 29 715,no,8,4,12,69.843,448.931,507.374,29,1374.591,/tp @s 1174 29 715,1174,29,715,1204,708,"1196,28,735:1;1139,20,739:2;1224,16,762:1",added
701,2502510601,174301202441,40,/tp @s -1381 -21 -337,no,7,5,12,76.007,221.122,295.749,-21,1421.524,/tp @s -1381 -21 -337,-1381,-21,-337,-1420,-380,"-1362,-16,-336:2;-1319,-8,-379:1;-1352,-6,-399:1;-1344,-6,-389:1",added
702,2506096522,,,,yes,9,3,12,40.866,139.089,236.779,-30,1125.892,/tp @s -892 -30 -687,-892,-30,-687,-892,-748,"-856,-29,-677:1;-907,-29,-649:2",added
703,2510538844,19690408028,4,/tp @s -859 27 220,no,5,7,12,58.941,173.455,189.820,27,886.725,/tp @s -859 27 220,-859,27,220,-812,196,"-822,34,187:1;-816,32,204:2;-816,32,180:2;-823,32,212:2",added
704,2511137962,2511137962,0,/tp @s 12 -13 1281,no,6,6,12,69.239,469.995,524.036,-13,1281.056,/tp @s 12 -13 1281,12,-13,1281,100,1268,"72,-14,1282:1;29,-14,1274:1;27,-20,1297:2;77,-26,1301:2",added
705,2513860536,,,,yes,7,5,12,91.291,188.322,312.757,-2,1012.593,/tp @s -912 -2 -440,-912,-2,-440,-924,-380,"-898,5,-395:2;-963,-3,-383:1;-974,-3,-373:2",added
706,2514068802,,,,yes,6,6,12,45.365,429.237,519.285,-17,1424.192,/tp @s 1119 -17 -881,1119,-17,-881,1172,-876,"1163,-6,-880:1;1140,-20,-905:2;1134,-18,-850:3",added
707,2519676458,,,,yes,7,5,12,68.308,220.253,335.102,-31,1231.215,/tp @s 1213 -31 211,1213,-31,211,1236,196,"1219,-32,198:2;1232,-32,203:2;1252,-34,155:1",added
708,2525875170,,,,yes,7,5,12,102.728,731.425,784.750,39,1077.978,/tp @s 244 39 1050,244,39,1050,228,1092,"240,38,1083:1;279,20,1095:1;256,36,1129:2;262,14,1148:1",added
709,2526459401,32591230473,7,/tp @s 882 0 810,no,5,7,12,50.577,312.810,334.598,0,1197.507,/tp @s 882 0 810,882,0,810,868,772,"859,-11,783:2;924,-13,785:3;896,-13,802:1;885,-11,808:1",added
710,2529772491,6824739787,1,/tp @s 739 -13 -962,no,7,5,12,36.742,206.098,299.061,-13,1213.081,/tp @s 739 -13 -962,739,-13,-962,772,-972,"754,-8,-953:3;734,-8,-987:1;749,-8,-997:1",added
711,2530289925,,,,yes,7,5,12,79.082,74.330,78.526,-26,892.816,/tp @s 225 -26 -864,225,-26,-864,212,-892,"197,-33,-816:1;187,-33,-795:2;204,-31,-789:2",added
712,2533286348,15418188236,3,/tp @s 681 -30 -1078,no,7,5,12,88.125,173.209,365.727,-30,1275.086,/tp @s 681 -30 -1078,681,-30,-1078,692,-1020,"695,-31,-1046:1;678,-37,-1073:3;650,-39,-996:1",added
713,2535804760,,,,yes,7,5,12,74.525,314.318,366.595,-37,802.397,/tp @s -385 -37 704,-385,-37,704,-348,628,"-373,-28,631:2;-371,-40,663:1;-393,-42,663:2",added
714,2550770950,6845738246,1,/tp @s -368 22 1175,no,4,8,12,46.497,298.040,389.144,22,1231.279,/tp @s -368 22 1175,-368,22,1175,-364,1124,"-350,21,1138:2;-375,21,1165:3;-353,3,1180:1;-324,21,1160:2",added
715,2551266993,92745580209,21,/tp @s -1452 26 142,no,9,3,12,75.293,185.569,243.183,26,1458.927,/tp @s -1452 26 142,-1452,26,142,-1420,148,"-1440,27,176:1;-1400,19,196:1;-1412,13,177:1",added
716,2553849343,6848816639,1,/tp @s 894 30 -953,no,6,6,12,74.068,240.073,294.331,30,1306.692,/tp @s 894 30 -953,894,30,-953,900,-988,"900,29,-966:2;832,41,-992:2;885,35,-1013:2",added
717,2556488076,36916226444,8,/tp @s 852 1 1153,no,7,5,12,86.822,532.813,567.811,1,1433.636,/tp @s 852 1 1153,852,1,1153,916,1156,"936,12,1172:1;880,12,1186:1;886,12,1142:2;860,6,1165:1",added
718,2573701303,24048537783,5,/tp @s 331 -2 740,no,6,6,12,71.063,0.500,52.217,-2,810.655,/tp @s 331 -2 740,331,-2,740,260,756,"306,-15,775:3;325,-9,733:1;271,-17,775:2",added
719,2589998600,,,,yes,7,6,13,54.268,142.088,255.163,14,964.619,/tp @s 693 14 671,693,14,671,708,644,"692,9,683:3;702,9,691:2;747,9,669:1",added
720,2591807630,49836447886,11,/tp @s -967 1 64,no,7,5,12,49.406,99.801,164.680,1,969.116,/tp @s -967 1 64,-967,1,64,-988,52,"-990,16,46:1;-977,16,18:2;-973,8,38:1;-1003,16,37:1",added
721,2592419099,2592419099,0,/tp @s -922 -38 667,no,6,6,12,56.692,236.116,383.480,-38,1137.969,/tp @s -922 -38 667,-922,-38,667,-924,724,"-940,-29,720:2;-927,-33,683:1;-903,-45,674:3",added
722,2597473136,,,,yes,9,3,12,64.389,536.508,614.276,-23,1429.652,/tp @s -412 -23 1369,-412,-23,1369,-444,1300,"-432,-18,1308:1;-420,-24,1358:2",added
723,2598087701,11188022293,2,/tp @s 6 -38 -1394,no,7,5,12,57.991,119.619,170.495,-38,1394.013,/tp @s 6 -38 -1394,6,-38,-1394,68,-1404,"-49,-45,-1377:3;-11,-43,-1381:2",added
724,2617742931,,,,yes,5,7,12,68.359,471.887,544.550,38,1285.15,/tp @s -407 38 1219,-407,38,1219,-444,1204,"-453,31,1262:2;-420,25,1212:3;-467,31,1251:2",added
725,2620309330,,,,yes,4,8,12,72.533,560.448,584.821,6,1421.355,/tp @s -1405 6 215,-1405,6,215,-1452,212,"-1456,3,172:2;-1411,5,192:1;-1439,3,151:2;-1398,3,172:3",added
726,2626256717,41280962381,9,/tp @s -1405 -11 -14,no,7,5,12,17.833,117.625,121.474,-11,1405.07,/tp @s -1405 -11 -14,-1405,-11,-14,-1436,36,"-1411,-18,-19:1;-1411,-24,-6:2;-1418,-18,-4:2",added
727,2634191832,19814061016,4,/tp @s 1161 -15 757,no,6,6,12,45.277,424.742,541.271,-15,1385.991,/tp @s 1161 -15 757,1161,-15,757,1204,740,"1206,-10,757:1;1183,-16,750:2;1178,-16,773:1;1164,-16,767:2",added
728,2639971127,32704742199,7,/tp @s 722 -16 911,no,8,4,12,42.024,413.303,416.989,-16,1162.413,/tp @s 722 -16 911,722,-16,911,724,900,"748,3,884:1;745,-9,894:2;747,-7,906:1",added
729,2644797166,15529699054,3,/tp @s -409 -17 -854,no,6,6,12,35.071,15.822,104.140,-17,946.888,/tp @s -409 -17 -854,-409,-17,-854,-444,-876,"-408,-24,-849:3;-422,-30,-862:1;-378,-30,-864:2",added
730,2648146025,110022328425,25,/tp @s -223 -5 -1456,no,5,7,12,51.595,19.000,144.925,-5,1472.978,/tp @s -223 -5 -1456,-223,-5,-1456,-188,-1436,"-174,6,-1462:1;-172,0,-1450:2;-181,6,-1462:1;-227,6,-1440:3",added
731,2650049709,37009788077,8,/tp @s 243 16 742,no,6,7,13,57.801,284.951,356.872,16,780.777,/tp @s 243 16 742,243,16,742,212,772,"200,17,761:2;229,21,736:2;235,23,749:1;229,13,798:2",added
732,2653929900,,,,yes,6,6,12,65.215,286.223,335.478,-36,1244.87,/tp @s -975 -36 774,-975,-36,774,-956,740,"-983,-31,752:2;-953,-23,714:1;-983,-31,730:2;-989,-37,743:1",added
733,2668315158,6963282454,1,/tp @s 860 -29 -449,no,6,6,12,44.598,395.093,437.847,-29,970.155,/tp @s 860 -29 -449,860,-29,-449,836,-412,"858,-30,-435:2;865,-30,-435:2;862,-36,-493:2",added
734,2669199774,45618872734,10,/tp @s -172 8 -1116,no,5,8,13,58.634,478.525,579.336,8,1129.177,/tp @s -172 8 -1116,-172,8,-1116,-204,-1084,"-163,9,-1077:1;-199,17,-1104:2;-165,13,-1058:3;-191,1,-1136:2",added
735,2670325916,,,,yes,5,7,12,73.273,505.247,509.122,-7,860.216,/tp @s -784 -7 -354,-784,-7,-354,-780,-428,"-757,-8,-387:3;-749,-8,-395:2;-760,6,-422:1;-742,-8,-395:1",added
736,2670999000,28440802776,6,/tp @s 105 -20 633,no,4,8,12,85.685,503.471,549.344,-20,641.649,/tp @s 105 -20 633,105,-20,633,116,676,"105,-11,695:2;75,-17,703:3;111,-23,626:1;42,-17,691:2",added
737,2678077205,11268011797,2,/tp @s -983 -25 116,no,6,6,12,64.101,28.675,63.137,-25,989.821,/tp @s -983 -25 116,-983,-25,116,-1004,132,"-980,-32,63:1;-985,-28,52:1;-985,-28,69:3;-972,-28,91:1",added
738,2682339311,15567241199,3,/tp @s 678 30 -828,no,7,5,12,113.287,494.508,610.158,30,1070.172,/tp @s 678 30 -828,678,30,-828,628,-844,"569,17,-856:1;577,17,-844:2;652,11,-863:2",added
739,2682623138,110056805538,25,/tp @s -897 -4 277,no,6,6,12,77.936,134.656,247.678,-4,938.796,/tp @s -897 -4 277,-897,-4,277,-892,212,"-909,-3,214:1;-884,1,220:2;-888,-5,262:1;-849,3,216:2",added
740,2682666015,71402142751,16,/tp @s 180 -42 936,no,8,4,12,46.141,103.452,223.173,-42,953.151,/tp @s 180 -42 936,180,-42,936,196,900,"191,-39,938:1;203,-39,944:2;152,-49,900:1",added
741,2685578006,,,,yes,8,4,12,34.828,57.896,136.600,23,840.236,/tp @s -334 23 -771,-334,23,-771,-316,-828,"-347,10,-771:2;-364,10,-783:1;-340,10,-778:1",added
742,2686808179,37046546547,8,/tp @s 207 28 1307,no,8,4,12,47.969,91.993,180.171,28,1323.291,/tp @s 207 28 1307,207,28,1307,196,1236,"214,31,1288:2;175,17,1273:1;199,11,1297:1",added
743,2691391470,135835377646,31,/tp @s 1219 -41 -818,no,6,6,12,48.114,524.993,659.529,-41,1468.021,/tp @s 1219 -41 -818,1219,-41,-818,1252,-828,"1262,-38,-839:1;1260,-44,-843:3;1248,-42,-827:1;1235,-46,-828:1",added
744,2691657501,2691657501,0,/tp @s -653 -6 1215,no,7,6,13,42.497,226.514,291.033,-6,1379.36,/tp @s -653 -6 1215,-653,-6,1215,-700,1204,"-679,-35,1232:1;-662,-29,1219:3;-670,-29,1227:2",added
745,2706394281,135850380457,31,/tp @s -465 -6 1409,no,7,5,12,36.592,182.708,301.601,-6,1483.747,/tp @s -465 -6 1409,-465,-6,1409,-428,1396,"-432,9,1404:2;-438,11,1418:1;-454,5,1392:2",added
746,2706458819,67130968259,15,/tp @s -950 24 -450,no,6,6,12,49.769,144.127,180.703,24,1051.19,/tp @s -950 24 -450,-950,24,-450,-956,-396,"-933,23,-441:2;-908,11,-448:3;-902,11,-448:1",added
747,2713136859,41367842523,9,/tp @s -1488 -29 68,no,7,5,12,59.917,294.500,312.290,-29,1489.553,/tp @s -1488 -29 68,-1488,-29,68,-1452,100,"-1438,-28,87:1;-1430,-30,53:3;-1463,-30,69:1",added
748,2714617777,11304552369,2,/tp @s 1295 -4 127,no,6,6,12,66.287,497.402,614.710,-4,1301.213,/tp @s 1295 -4 127,1295,-4,127,1300,196,"1291,-1,186:1;1283,-9,192:2;1289,-15,175:2;1301,-15,174:1",added
749,2716789913,41371495577,9,/tp @s -977 40 -936,no,6,6,12,66.731,379.709,448.238,40,1353.006,/tp @s -977 40 -936,-977,40,-936,-956,-988,"-996,29,-983:1;-1021,29,-976:1;-1028,29,-976:3;-1037,17,-954:1",added
750,2717114262,19896983446,4,/tp @s -1020 18 129,no,5,7,12,61.563,175.893,317.645,18,1028.125,/tp @s -1020 18 129,-1020,18,129,-972,148,"-982,19,125:2;-990,9,76:2;-1008,17,155:1;-986,19,96:2",added
751,2730914569,71450391305,16,/tp @s -269 12 1321,no,6,6,12,23.108,744.100,901.051,12,1348.111,/tp @s -269 12 1321,-269,12,1321,-236,1332,"-246,13,1323:2;-260,11,1332:2;-260,11,1325:2",added
752,2731109254,28500913030,6,/tp @s 1180 19 225,no,7,5,12,49.051,337.787,406.558,19,1201.26,/tp @s 1180 19 225,1180,19,225,1220,196,"1206,22,197:1;1227,18,211:3;1187,22,202:1",added
753,2738642546,7033609842,1,/tp @s 768 5 855,no,5,7,12,70.583,178.181,260.317,5,1149.282,/tp @s 768 5 855,768,5,855,772,804,"742,4,807:1;775,8,843:2;735,-2,793:3;743,-8,799:1",added
754,2740219237,,,,yes,6,6,12,63.261,365.484,402.496,-41,798.745,/tp @s 717 -41 -352,717,-41,-352,756,-332,"771,-36,-336:3;778,-36,-336:2;731,-42,-346:1",added
755,2743960142,11333894734,2,/tp @s -1297 10 41,no,7,5,12,57.437,139.174,182.540,10,1297.648,/tp @s -1297 10 41,-1297,10,41,-1292,52,"-1285,7,69:1;-1302,3,37:1;-1281,3,-1:2;-1284,-13,-10:1",added
756,2746075276,71465552012,16,/tp @s 163 -10 673,no,6,6,12,38.962,546.823,655.718,-10,692.458,/tp @s 163 -10 673,163,-10,673,180,692,"182,-11,639:2;160,-23,654:2;160,-23,647:2",added
757,2748207189,37107945557,8,/tp @s -947 -37 188,no,8,4,12,91.291,291.304,389.192,-37,965.481,/tp @s -947 -37 188,-947,-37,188,-892,164,"-941,-38,158:1;-881,-40,125:1;-938,-38,178:2",added
758,2748226989,19928096173,4,/tp @s 293 -6 719,no,7,5,12,61.106,659.392,734.923,-6,776.408,/tp @s 293 -6 719,293,-6,719,260,740,"270,5,725:1;305,17,755:2;310,17,773:1;318,17,766:1",added
759,2749168881,2749168881,0,/tp @s 1198 -2 607,no,7,5,12,104.566,368.500,465.860,-2,1343.001,/tp @s 1198 -2 607,1198,-2,607,1156,596,"1114,5,607:1;1186,-9,613:1;1096,-1,584:1;1118,-7,594:2",added
760,2754884490,,,,yes,6,6,12,57.393,120.655,203.018,-36,1483.642,/tp @s 687 -36 1315,687,-36,1315,676,1364,"690,-29,1370:1;685,-43,1321:3;725,-35,1358:2",added
761,2755468664,,,,yes,7,5,12,52.707,364.967,442.720,24,1371.248,/tp @s 1344 24 -272,1344,24,-272,1380,-300,"1388,25,-301:1;1327,17,-308:1;1348,17,-323:2;1367,11,-292:1",added
762,2755671053,58590245901,13,/tp @s 565 23 -1030,no,6,6,12,69.707,392.117,478.129,23,1174.787,/tp @s 565 23 -1030,565,23,-1030,612,-1036,"613,24,-1028:2;622,24,-1054:2;579,22,-1029:1;632,26,-1011:1",added
763,2763403815,2763403815,0,/tp @s -264 41 724,no,6,6,12,53.235,156.625,164.922,41,770.631,/tp @s -264 41 724,-264,41,724,-284,740,"-279,40,733:1;-317,36,724:2;-296,26,715:1;-280,32,708:2",added
764,2764112963,7059080259,1,/tp @s 247 -43 -1036,no,7,5,12,46.141,278.091,394.056,-43,1065.038,/tp @s 247 -43 -1036,247,-43,-1036,212,-1020,"203,-36,-1024:1;220,-36,-1024:2;234,-44,-1030:2",added
765,2770905626,144504826394,33,/tp @s 1247 -16 151,no,7,5,12,105.953,116.920,158.705,-16,1256.109,/tp @s 1247 -16 151,1247,-16,151,1252,100,"1242,-9,108:1;1253,-17,138:1;1162,-23,119:1;1147,-17,116:2",added
766,2774008498,,,,yes,5,7,12,74.196,315.198,424.366,24,1185.622,/tp @s -272 24 1154,-272,24,1154,-316,1140,"-346,29,1152:1;-272,17,1136:2;-325,17,1192:1;-256,17,1144:3",added
767,2777446543,24252283023,5,/tp @s -868 21 833,no,8,4,12,58.745,750.054,789.015,21,1203.043,/tp @s -868 21 833,-868,21,833,-812,836,"-811,32,824:1;-838,32,804:3",added
768,2777757211,144511677979,33,/tp @s 278 -17 1322,no,5,7,12,47.948,143.735,184.929,-17,1350.914,/tp @s 278 -17 1322,278,-17,1322,276,1332,"283,-20,1365:2;288,-18,1314:1;281,-18,1314:2;305,-24,1283:2",added
769,2777780190,,,,yes,4,8,12,78.301,96.940,226.833,-1,836.37,/tp @s 75 -1 833,75,-1,833,116,852,"83,-2,822:3;116,-4,816:2;134,-4,815:1;136,-4,784:2",added
770,2781215657,28551019433,6,/tp @s -1009 27 890,no,7,5,12,106.236,344.701,420.049,27,1345.43,/tp @s -1009 27 890,-1009,27,890,-1020,836,"-987,28,813:1;-915,34,841:2;-1002,36,893:2",added
771,2781911539,80091322867,18,/tp @s 1344 42 241,no,5,7,12,53.085,840.709,918.730,42,1365.437,/tp @s 1344 42 241,1344,42,241,1348,276,"1365,41,278:2;1354,43,284:1;1354,43,291:1;1383,41,277:3",added
772,2786240796,,,,yes,6,6,12,56.338,450.627,498.977,5,900.392,/tp @s -441 5 785,-441,5,785,-428,740,"-450,4,758:2;-437,16,780:1;-466,-2,742:2;-466,-2,735:1",added
773,2789885775,,,,yes,6,6,12,60.316,123.160,288.508,35,1279.244,/tp @s 1248 35 -281,1248,35,-281,1300,-332,"1296,28,-308:3;1306,28,-296:1;1248,18,-322:2",added
774,2791900952,11381835544,2,/tp @s 115 41 1252,no,8,4,12,41.773,207.430,323.700,41,1257.27,/tp @s 115 41 1252,115,41,1252,116,1220,"106,46,1235:1;124,40,1237:2;95,34,1216:1",added
775,2794137493,2794137493,0,/tp @s 1295 10 321,no,4,8,12,60.382,462.264,502.993,10,1334.191,/tp @s 1295 10 321,1295,10,321,1332,276,"1322,9,267:1;1322,9,284:2;1328,1,292:2;1335,3,301:3",added
776,2804993146,105884208250,24,/tp @s -1481 -21 44,no,6,6,12,66.836,486.154,513.284,-21,1481.653,/tp @s -1481 -21 44,-1481,-21,44,-1532,36,"-1517,-2,26:2;-1540,-2,19:2;-1520,-6,-2:1;-1499,-20,51:1",added
777,2813579956,,,,yes,6,6,12,74.82,302.676,369.324,-21,850.763,/tp @s 746 -21 -409,746,-21,-409,756,-364,"751,-30,-400:1;775,-34,-433:1;800,-30,-358:1;794,-36,-417:3",added
778,2818461450,15703363338,3,/tp @s 100 0 1281,no,8,4,12,46.239,507.281,586.558,0,1284.897,/tp @s 100 0 1281,100,0,1281,148,1284,"144,9,1292:2;104,-7,1282:2",added
779,2821511528,28591315304,6,/tp @s -484 -25 784,no,8,4,12,39.623,249.380,380.163,-25,921.364,/tp @s -484 -25 784,-484,-25,784,-508,788,"-491,-16,794:1;-472,-26,784:2;-520,-10,777:1",added
780,2824729536,,,,yes,7,6,13,51.127,241.735,282.283,-14,1418.594,/tp @s -1017 -14 -989,-1017,-14,-989,-1052,-988,"-1059,-11,-1018:2;-1043,-5,-972:1;-1023,-15,-1002:3",added
781,2834487877,20014357061,4,/tp @s 640 -51 89,no,6,6,12,69.821,178.073,218.254,-51,646.159,/tp @s 640 -51 89,640,-51,89,692,68,"700,-44,64:2;685,-44,54:1;699,-46,52:2;633,-46,65:1",added
782,2836028493,24310864973,5,/tp @s -1407 1 48,no,9,3,12,73.123,459.540,492.954,1,1407.819,/tp @s -1407 1 48,-1407,1,48,-1420,84,"-1420,0,63:1;-1444,-2,111:2",added
783,2840638305,,,,yes,6,7,13,58.112,710.793,748.578,39,761.682,/tp @s -448 39 616,-448,39,616,-412,628,"-421,38,640:2;-455,38,633:2;-416,32,664:2;-421,26,658:1",added
784,2846548689,7141515985,1,/tp @s 791 -52 -911,no,6,6,12,37.054,309.584,429.366,-52,1206.483,/tp @s 791 -52 -911,791,-52,-911,788,-876,"783,-41,-920:2;791,-41,-910:2;815,-41,-937:2",added
785,2851374218,,,,yes,6,6,12,78.147,145.733,271.152,-27,950.537,/tp @s -920 -27 -239,-920,-27,-239,-892,-268,"-907,-30,-316:3;-931,-32,-273:2;-873,-28,-293:1",added
786,2851536707,,,,yes,8,4,12,66.708,735.644,820.021,0,1278.184,/tp @s 1273 0 115,1273,0,115,1316,116,"1330,-9,116:1;1266,-7,114:1;1311,-15,163:1;1273,-15,180:1",added
787,2855725042,80165136370,18,/tp @s -1332 -11 96,no,6,6,12,46.282,358.259,419.413,-11,1335.455,/tp @s -1332 -11 96,-1332,-11,96,-1292,132,"-1309,2,134:2;-1303,4,111:2;-1324,2,126:2",added
788,2863543403,20043412587,4,/tp @s -853 38 1201,no,7,5,12,72.021,259.595,328.963,38,1473.095,/tp @s -853 38 1201,-853,38,1201,-860,1188,"-836,35,1193:1;-825,31,1165:2;-830,25,1134:2",added
789,2863555959,333576037751,77,/tp @s 180 31 1209,no,5,7,12,45.891,272.593,341.426,31,1222.326,/tp @s 180 31 1209,180,31,1209,196,1252,"205,34,1231:3;218,36,1221:1;223,32,1225:1;164,30,1226:2",added
790,2863936698,20043805882,4,/tp @s -375 31 -1446,no,7,5,12,94.768,286.998,397.822,31,1493.834,/tp @s -375 31 -1446,-375,31,-1446,-412,-1404,"-386,36,-1431:2;-383,22,-1352:1;-387,14,-1442:2",added
791,2873372825,24348209305,5,/tp @s 1207 -10 -484,no,6,6,12,66.257,177.953,254.494,-10,1300.425,/tp @s 1207 -10 -484,1207,-10,-484,1236,-444,"1258,-13,-448:1;1253,-11,-464:1;1249,-15,-433:3;1231,-25,-465:1",added
792,2888292034,24363128514,5,/tp @s -317 -32 704,no,7,5,12,65.529,541.817,558.423,-32,772.078,/tp @s -317 -32 704,-317,-32,704,-348,724,"-322,-39,714:1;-379,-35,683:1;-360,-35,663:2;-351,-33,686:1",added
793,2892545369,67317054809,15,/tp @s 1228 28 165,no,6,6,12,51.0,307.734,408.634,28,1239.036,/tp @s 1228 28 165,1228,28,165,1284,164,"1266,29,157:2;1259,29,157:2;1274,29,143:1;1224,27,175:1",added
794,2893020066,,,,yes,6,6,12,29.172,533.927,618.923,-17,995.981,/tp @s 77 -17 -993,77,-17,-993,116,-988,"96,-18,-998:2;106,-18,-990:2;72,-18,-1014:2",added
795,2894827530,,,,yes,6,6,12,57.991,10.750,31.222,3,1256.944,/tp @s -322 3 1215,-322,3,1215,-348,1188,"-313,2,1200:3;-339,2,1179:2;-273,2,1184:1",added
796,2895312772,,,,yes,7,5,12,49.214,459.715,516.144,33,891.967,/tp @s 766 33 -457,766,33,-457,788,-476,"760,34,-485:1;760,38,-478:1;805,34,-487:3",added
797,2896571589,63026113733,14,/tp @s 1307 -14 198,no,5,7,12,43.852,23.785,120.650,-14,1321.913,/tp @s 1307 -14 198,1307,-14,198,1332,260,"1322,-15,202:1;1312,-21,241:3;1322,-15,173:2;1330,-15,183:1",added
798,2900157561,2900157561,0,/tp @s 624 -15 706,no,7,5,12,62.201,480.716,579.158,-15,942.238,/tp @s 624 -15 706,624,-15,706,644,676,"626,-22,699:2;624,-28,731:1;616,-36,764:2",added
799,2903130659,,,,yes,9,4,13,14.071,181.041,278.857,23,1463.665,/tp @s -233 23 -1445,-233,23,-1445,-268,-1436,"-247,22,-1444:2;-242,16,-1446:2",added
800,2905924603,20085793787,4,/tp @s -1376 -2 -266,no,5,7,12,37.027,430.947,497.395,-2,1401.475,/tp @s -1376 -2 -266,-1376,-2,-266,-1420,-316,"-1407,-3,-272:2;-1413,-3,-267:2;-1380,-3,-256:3",added
801,2908790540,,,,yes,9,3,12,53.235,13.151,128.041,-30,1366.794,/tp @s -763 -30 1134,-763,-30,1134,-796,1108,"-811,-17,1115:1;-788,-15,1117:1;-775,-27,1124:1",added
802,2912235809,7207203105,1,/tp @s -544 -7 -274,no,5,7,12,43.875,329.207,466.377,-7,609.108,/tp @s -544 -7 -274,-544,-7,-274,-540,-332,"-526,-6,-314:1;-512,-8,-284:2;-520,-8,-276:2;-572,-8,-286:2",added
803,2918059521,50162699777,11,/tp @s -535 -4 1312,no,6,6,12,40.817,4.002,106.336,-4,1416.887,/tp @s -535 -4 1312,-535,-4,1312,-492,1316,"-509,-5,1318:2;-496,-3,1324:1;-530,-11,1323:2;-515,-1,1295:1",added
804,2919666034,,,,yes,4,8,12,77.013,65.898,145.619,-20,1305.908,/tp @s -391 -20 1246,-391,-20,1246,-348,1252,"-370,-21,1272:2;-336,-9,1247:3;-317,-9,1232:1;-320,-13,1217:2",added
805,2922195310,131771214190,30,/tp @s 781 -21 612,no,6,6,12,49.295,271.007,327.644,-21,992.222,/tp @s 781 -21 612,781,-21,612,788,596,"824,-22,613:2;779,-18,604:2;820,-24,582:1;763,-32,620:1",added
806,2924257492,,,,yes,7,5,12,50.458,552.934,694.738,7,892.229,/tp @s 608 7 653,608,7,653,612,628,"626,10,606:1;596,8,611:1;596,8,604:2;589,8,611:1",added
807,2937090241,,,,yes,7,5,12,78.505,839.344,938.494,25,882.321,/tp @s 233 25 -851,233,25,-851,212,-876,"185,22,-871:1;207,8,-857:2;202,4,-920:1;235,14,-835:1",added
808,2937637338,45887310298,10,/tp @s 139 -3 1438,no,7,5,12,41.122,303.384,410.491,-3,1444.702,/tp @s 139 -3 1438,139,-3,1438,196,1428,"172,-4,1430:2;180,-4,1435:2;153,-4,1439:1",added
809,2942320548,28712124324,6,/tp @s -791 -24 749,no,7,5,12,38.38,234.875,323.065,-24,1089.349,/tp @s -791 -24 749,-791,-24,749,-780,724,"-800,-29,742:1;-814,-35,754:2;-825,-35,735:2",added
810,2943850499,58778425347,13,/tp @s -778 12 210,no,9,3,12,83.534,462.753,530.112,12,805.844,/tp @s -778 12 210,-778,12,210,-828,196,"-800,11,230:1;-792,11,222:1;-822,13,139:1",added
811,2944080496,15828982384,3,/tp @s 771 -45 -417,no,6,6,12,29.428,554.315,595.813,-45,876.544,/tp @s 771 -45 -417,771,-45,-417,756,-428,"777,-32,-433:2;779,-48,-444:1;788,-46,-441:1;783,-32,-440:2",added
812,2945003891,15829905779,3,/tp @s -1357 -28 -328,no,6,6,12,38.092,134.532,189.043,-28,1396.078,/tp @s -1357 -28 -328,-1357,-28,-328,-1356,-364,"-1378,-15,-357:1;-1371,-11,-342:1;-1360,-13,-342:2;-1366,-11,-334:2",added
813,2949171422,67373680862,15,/tp @s -945 27 97,no,5,7,12,64.521,321.427,428.263,27,949.965,/tp @s -945 27 97,-945,27,97,-940,132,"-928,24,109:3;-882,22,84:3;-896,22,78:1",added
814,2952491205,368024711365,85,/tp @s -1447 -7 208,no,7,5,12,95.849,305.965,450.808,-7,1461.873,/tp @s -1447 -7 208,-1447,-7,208,-1388,212,"-1423,-8,230:1;-1439,-14,233:1;-1390,-4,285:2;-1441,-8,237:1",added
815,2953408913,144687329681,33,/tp @s 240 -22 1391,no,8,4,12,68.978,214.317,275.891,-22,1411.553,/tp @s 240 -22 1391,240,-22,1391,212,1364,"190,-29,1344:1;231,-25,1403:2;207,-31,1416:1",added
816,2954770623,7249737919,1,/tp @s 261 -6 -1402,no,6,6,12,74.33,163.185,226.387,-6,1426.087,/tp @s 261 -6 -1402,261,-6,-1402,260,-1436,"266,5,-1395:2;217,9,-1460:1;241,9,-1444:2;246,9,-1450:1",added
817,2958546720,24433383200,5,/tp @s 175 13 1416,no,5,7,12,48.198,218.916,268.129,13,1426.773,/tp @s 175 13 1416,175,13,1416,180,1364,"158,16,1371:1;168,6,1399:1;173,6,1393:2;162,6,1398:3",added
818,2959332886,2959332886,0,/tp @s -305 43 1283,no,7,5,12,42.743,384.815,440.365,43,1318.755,/tp @s -305 43 1283,-305,43,1283,-364,1284,"-318,42,1270:1;-322,30,1320:1;-317,30,1313:1;-323,42,1258:2",added
819,2961799591,7256766887,1,/tp @s 712 -23 -302,no,7,5,12,103.528,19.405,173.394,-23,773.4,/tp @s 712 -23 -302,712,-23,-302,644,-316,"659,-22,-297:2;650,-30,-327:1;703,-30,-301:1;610,-40,-307:1",added
820,2967165364,41621871028,9,/tp @s 1389 -9 403,no,7,5,12,42.249,528.776,592.413,-9,1446.281,/tp @s 1389 -9 403,1389,-9,403,1412,372,"1383,-10,390:1;1376,-10,390:2;1429,-20,395:2",added
821,2967394248,2967394248,0,/tp @s 1221 -31 -347,no,6,6,12,76.085,465.583,568.574,-31,1269.35,/tp @s 1221 -31 -347,1221,-31,-347,1236,-316,"1228,-32,-357:1;1227,-44,-343:1;1265,-28,-285:2;1249,-38,-362:2",added
822,2967858712,37327597080,8,/tp @s -289 8 -841,no,6,6,12,66.918,17.321,93.427,8,889.27,/tp @s -289 8 -841,-289,8,-841,-300,-892,"-303,7,-886:1;-290,-3,-907:2;-343,3,-862:2;-330,5,-873:1",added
823,2971633526,45921306486,10,/tp @s 258 26 -1473,no,6,6,12,34.771,327.743,391.921,26,1495.424,/tp @s 258 26 -1473,258,26,-1473,228,-1516,"230,31,-1493:2;230,31,-1479:1;243,25,-1464:2;228,19,-1487:1",added
824,2973753861,204837216773,47,/tp @s 1343 9 -330,no,8,4,12,42.071,128.495,210.348,9,1382.949,/tp @s 1343 9 -330,1343,9,-330,1380,-300,"1382,8,-317:1;1357,-4,-325:2;1368,-10,-358:1",added
825,2976180376,2976180376,0,/tp @s 822 -34 591,no,6,6,12,55.767,44.898,105.252,-34,1012.406,/tp @s 822 -34 591,822,-34,591,868,596,"876,-29,604:2;847,-35,584:2;859,-37,560:2",added
826,2980727465,191959288489,44,/tp @s 706 -31 -1119,no,7,5,12,37.135,424.260,533.443,-31,1323.101,/tp @s 706 -31 -1119,706,-31,-1119,724,-1084,"707,-28,-1082:2;725,-26,-1103:1;718,-44,-1110:1;718,-50,-1122:1",added
827,2994340728,,,,yes,5,7,12,34.088,380.805,427.279,-11,985.704,/tp @s 123 -11 -978,123,-11,-978,100,-1004,"125,-24,-963:2;135,-24,-955:3;99,-30,-963:2",added
828,3000887791,93195201007,21,/tp @s -355 2 1274,no,7,5,12,42.367,490.269,590.300,2,1322.536,/tp @s -355 2 1274,-355,2,1274,-332,1316,"-349,5,1312:1;-342,1,1289:2;-316,-5,1289:2",added
829,3004921689,41659627353,9,/tp @s 747 -2 132,no,5,7,12,70.583,189.523,279.053,-2,758.573,/tp @s 747 -2 132,747,-2,132,820,116,"795,-5,118:2;816,3,146:3;766,-5,118:2",added
830,3008581092,3008581092,0,/tp @s -452 15 1175,no,5,7,12,32.094,241.305,311.055,15,1258.94,/tp @s -452 15 1175,-452,15,1175,-444,1204,"-459,14,1175:1;-477,6,1193:1;-459,14,1168:2;-459,14,1150:3",added
831,3011095700,7306062996,1,/tp @s -487 35 -1266,no,5,8,13,56.833,229.957,246.002,35,1356.438,/tp @s -487 35 -1266,-487,35,-1266,-460,-1276,"-460,34,-1316:2;-473,28,-1304:2;-475,16,-1307:1;-476,14,-1296:3",added
832,3016303368,20196172552,4,/tp @s 1378 -11 313,no,6,6,12,70.697,843.864,850.078,-11,1413.1,/tp @s 1378 -11 313,1378,-11,313,1380,340,"1391,-12,333:2;1399,-28,377:1;1403,-34,368:2;1403,-34,375:1",added
833,3017499933,118981616925,27,/tp @s 168 32 1472,no,5,7,12,49.102,312.128,368.402,32,1481.556,/tp @s 168 32 1472,168,32,1472,196,1460,"186,33,1442:3;194,33,1447:1;217,29,1473:2;192,39,1449:1",added
834,3022055335,15906957223,3,/tp @s 103 -26 1355,no,5,7,12,49.508,569.029,572.785,-26,1358.909,/tp @s 103 -26 1355,103,-26,1355,148,1316,"152,-33,1354:3;118,-27,1361:2;116,-33,1328:2",added
835,3024375732,,,,yes,7,5,12,82.45,193.785,234.151,-13,1245.807,/tp @s 794 -13 -960,794,-13,-960,868,-972,"876,-6,-955:3;841,-8,-959:1;854,-6,-970:1",added
836,3029139014,37388877382,8,/tp @s -786 30 -759,no,7,5,12,54.927,405.099,435.422,30,1092.647,/tp @s -786 30 -759,-786,30,-759,-828,-748,"-840,29,-749:1;-774,21,-746:2;-782,21,-738:1;-817,29,-784:1",added
837,3034177397,269322149749,62,/tp @s -259 -35 1344,no,7,5,12,80.212,130.410,134.098,-35,1368.728,/tp @s -259 -35 1344,-259,-35,1344,-284,1364,"-291,-32,1377:2;-265,-30,1370:1;-288,-32,1416:1;-320,-32,1396:1",added
838,3044229027,,,,yes,7,5,12,56.965,402.098,435.200,-3,814.028,/tp @s -289 -3 -761,-289,-3,-761,-316,-796,"-296,-4,-804:2;-311,0,-780:1;-288,-4,-789:1;-299,-6,-817:1",added
839,3049239445,140488192917,32,/tp @s -1412 -39 150,no,6,6,12,42.965,398.487,451.622,-39,1419.945,/tp @s -1412 -39 150,-1412,-39,150,-1420,180,"-1428,-40,169:2;-1451,-40,168:2;-1428,-46,147:1;-1423,-46,155:1",added
840,3060503386,28830307162,6,/tp @s 738 18 913,no,5,7,12,57.289,92.067,156.549,18,1173.973,/tp @s 738 18 913,738,18,913,756,900,"779,17,880:2;779,17,873:1;780,11,918:2;743,9,916:2",added
841,3061612885,,,,yes,6,6,12,96.073,106.750,177.173,16,1212.516,/tp @s -980 16 -714,-980,16,-714,-972,-764,"-974,15,-727:2;-959,9,-722:1;-966,13,-809:1;-959,9,-745:2",added
842,3070738975,54610346527,12,/tp @s 1299 26 -329,no,5,7,12,57.009,352.018,471.252,26,1340.016,/tp @s 1299 26 -329,1299,26,-329,1316,-364,"1294,19,-372:1;1299,25,-386:2;1293,25,-343:2;1272,15,-352:2",added
843,3075692364,7370659660,1,/tp @s -383 -22 826,no,7,5,12,48.28,234.372,266.122,-22,910.475,/tp @s -383 -22 826,-383,-22,826,-348,836,"-352,-23,856:1;-352,-23,863:2;-376,-23,818:2",added
844,3076947339,20256816523,4,/tp @s 651 29 -836,no,5,7,12,66.476,724.088,813.672,29,1059.574,/tp @s 651 29 -836,651,29,-836,660,-876,"652,28,-850:1;686,30,-873:2;615,22,-852:2;602,16,-879:2",added
845,3077492318,,,,yes,7,5,12,113.745,225.590,282.698,10,1232.901,/tp @s -1042 10 659,-1042,10,659,-1004,708,"-1042,5,697:2;-1031,3,629:1;-1051,9,658:1;-981,9,755:1",added
846,3079657402,,,,yes,7,5,12,68.949,382.295,395.570,-25,805.034,/tp @s -352 -25 -724,-352,-25,-724,-348,-732,"-373,-22,-762:1;-396,-28,-777:1;-396,-28,-770:3",added
847,3085468281,20265337465,4,/tp @s -847 -8 -881,no,7,5,12,58.327,303.152,310.632,-8,1222.117,/tp @s -847 -8 -881,-847,-8,-881,-812,-892,"-819,-9,-864:2;-805,-21,-882:2;-806,-19,-841:1",added
848,3104304947,,,,yes,5,7,12,78.778,210.255,272.434,-16,856.04,/tp @s 783 -16 -346,783,-16,-346,772,-380,"789,-19,-378:2;778,-17,-372:1;773,-17,-371:2;772,-17,-424:2",added
849,3105751174,,,,yes,7,5,12,78.064,149.754,250.913,27,1122.293,/tp @s -354 27 -1065,-354,27,-1065,-332,-1020,"-338,14,-1044:1;-326,6,-1030:1;-291,8,-1023:2;-336,0,-1051:1",added
850,3109282549,,,,yes,5,7,12,37.974,341.740,378.075,30,980.849,/tp @s -912 30 -361,-912,30,-361,-956,-348,"-934,29,-369:2;-928,15,-330:3;-916,11,-362:2",added
851,3117109067,7412076363,1,/tp @s 816 17 -305,no,6,6,12,74.525,451.876,506.255,17,871.138,/tp @s 816 17 -305,816,17,-305,852,-332,"885,14,-333:2;786,4,-321:1;837,4,-264:1;842,4,-270:2",added
852,3118408228,7413375524,1,/tp @s -995 6 -832,no,6,6,12,74.686,385.503,406.156,6,1297.015,/tp @s -995 6 -832,-995,6,-832,-940,-796,"-948,5,-830:1;-957,11,-831:2;-990,11,-782:1;-947,11,-775:2",added
853,3129940575,20309809759,4,/tp @s 896 -30 797,no,7,5,12,49.406,80.081,162.118,-30,1199.177,/tp @s 896 -30 797,896,-30,797,884,740,"912,-31,760:1;870,-31,755:1;911,-31,765:1;872,-31,780:2",added
854,3133845118,67558354558,15,/tp @s 1146 -1 752,no,8,4,12,42.825,242.310,379.762,-1,1370.701,/tp @s 1146 -1 752,1146,-1,752,1188,788,"1168,-4,778:1;1178,-4,757:2;1186,-4,767:1",added
855,3134568651,11724503243,2,/tp @s -856 -10 -316,no,6,6,12,91.537,214.124,240.458,-10,912.465,/tp @s -856 -10 -316,-856,-10,-316,-796,-348,"-852,-19,-334:1;-858,-13,-324:2;-847,-19,-339:1;-769,-19,-343:2",added
856,3155677285,28925481061,6,/tp @s -848 8 1148,no,6,6,12,38.288,174.362,219.160,8,1427.238,/tp @s -848 8 1148,-848,8,1148,-860,1188,"-852,-13,1148:2;-839,-13,1165:2;-844,-7,1113:2",added
857,3160093285,28929897061,6,/tp @s 756 -13 -715,no,6,6,12,63.522,517.085,521.039,-13,1040.558,/tp @s 756 -13 -715,756,-13,-715,724,-748,"719,-12,-762:2;721,-12,-768:2;765,-18,-743:2",added
858,3160399902,3160399902,0,/tp @s -315 34 -735,no,8,4,12,59.816,500.013,575.720,34,799.656,/tp @s -315 34 -735,-315,34,-735,-316,-796,"-350,27,-783:1;-303,33,-748:1;-330,39,-770:1;-343,21,-755:1",added
859,3161793017,11751727609,2,/tp @s 1220 -16 -345,no,6,6,12,28.513,591.956,616.388,-16,1267.843,/tp @s 1220 -16 -345,1220,-16,-345,1252,-332,"1212,-21,-352:2;1198,-21,-358:2;1218,-21,-317:1;1217,-21,-324:1",added
860,3170718884,33235489956,7,/tp @s 1342 13 -271,no,7,6,13,65.445,19.198,93.174,13,1369.089,/tp @s 1342 13 -271,1342,13,-271,1332,-220,"1348,18,-241:2;1355,12,-260:2;1359,8,-208:2",added
861,3178823960,7473791256,1,/tp @s -1317 -14 -307,no,5,7,12,67.69,374.236,460.963,-14,1352.308,/tp @s -1317 -14 -307,-1317,-14,-307,-1276,-300,"-1293,-13,-303:2;-1318,-13,-296:3;-1251,-15,-292:2",added
862,3182416226,37542154594,8,/tp @s -1000 14 144,no,6,6,12,74.303,208.904,290.904,14,1010.315,/tp @s -1000 14 144,-1000,14,144,-924,148,"-963,13,150:1;-953,13,158:1;-934,17,128:2;-926,17,138:2",added
863,3183446032,101967693840,23,/tp @s 255 41 -1447,no,8,4,12,60.548,271.541,295.626,41,1469.297,/tp @s 255 41 -1447,255,41,-1447,228,-1436,"273,40,-1460:1;273,40,-1484:1;299,34,-1488:2",added
864,3186181985,16071083873,3,/tp @s 237 31 623,no,6,7,13,39.459,225.126,278.071,31,666.557,/tp @s 237 31 623,237,31,623,228,644,"223,30,630:2;224,30,617:3;233,24,606:1;229,24,585:1",added
865,3189232993,41843938657,9,/tp @s -1459 10 -290,no,5,7,12,73.668,227.053,317.303,10,1487.542,/tp @s -1459 10 -290,-1459,10,-290,-1404,-332,"-1422,23,-304:1;-1390,31,-305:2;-1406,37,-287:3;-1406,37,-273:1",added
866,3189551026,20369420210,4,/tp @s -667 -29 162,no,5,7,12,68.71,319.063,488.112,-29,686.391,/tp @s -667 -29 162,-667,-29,162,-716,132,"-702,-26,166:2;-699,-26,121:2;-658,-36,148:2;-721,-48,124:1",added
867,3190867028,11780801620,2,/tp @s -1282 -16 167,no,5,7,12,57.507,106.413,232.794,-16,1292.831,/tp @s -1282 -16 167,-1282,-16,167,-1292,212,"-1275,-19,224:1;-1289,-17,177:2;-1246,-17,161:2;-1286,-29,221:2",added
868,3199272564,76213716596,17,/tp @s 905 -30 174,no,7,6,13,33.838,132.154,259.517,-30,921.575,/tp @s 905 -30 174,905,-30,174,868,148,"876,-27,160:3;897,-31,170:2;875,-37,188:1",added
869,3212389342,24687225822,5,/tp @s -410 -34 1230,no,7,5,12,72.346,186.829,223.087,-34,1296.534,/tp @s -410 -34 1230,-410,-34,1230,-364,1236,"-387,-35,1205:2;-379,-35,1215:1;-402,-41,1183:1;-377,-41,1166:1",added
870,3218403978,7513371274,1,/tp @s 14 7 -1487,no,7,5,12,91.362,173.920,184.581,7,1487.066,/tp @s 14 7 -1487,14,7,-1487,52,-1516,"73,0,-1483:3;24,-24,-1427:1;41,-20,-1404:1",added
871,3224312621,7519279917,1,/tp @s 787 -31 -288,no,8,4,12,59.892,48.625,102.197,-31,838.041,/tp @s 787 -31 -288,787,-31,-288,820,-332,"838,-26,-264:2;838,-26,-257:1;788,-38,-326:1",added
872,3227072258,,,,yes,4,8,12,78.262,207.044,340.499,-13,963.756,/tp @s -949 -13 -168,-949,-13,-168,-908,-188,"-933,-12,-188:2;-918,-12,-158:2;-911,-12,-146:2;-931,-18,-244:2",added
873,3228356861,,,,yes,8,4,12,57.645,164.457,272.055,18,1214.638,/tp @s -833 18 -884,-833,18,-884,-844,-924,"-828,7,-919:1;-799,13,-925:1;-800,13,-931:1;-839,7,-900:1",added
874,3238364714,,,,yes,6,6,12,30.952,473.613,553.127,-19,1254.509,/tp @s -817 -19 -952,-817,-19,-952,-828,-924,"-792,-20,-938:2;-792,-20,-945:1;-807,-20,-959:2;-824,-22,-982:1",added
875,3239099627,3239099627,0,/tp @s -960 -29 874,no,7,5,12,42.308,550.712,644.061,-29,1298.259,/tp @s -960 -29 874,-960,-29,874,-940,884,"-925,-20,896:2;-947,-30,889:2;-923,-30,855:1",added
876,3247978147,3247978147,0,/tp @s -1306 30 633,no,7,5,12,48.642,387.473,470.791,30,1451.318,/tp @s -1306 30 633,-1306,30,633,-1292,676,"-1312,29,648:1;-1336,29,636:1;-1352,17,642:1;-1327,11,636:2",added
877,3248904571,196522432891,45,/tp @s 1214 24 794,no,8,4,12,49.608,135.147,214.122,24,1450.597,/tp @s 1214 24 794,1214,24,794,1236,772,"1208,31,788:2;1250,27,828:1;1185,31,792:1",added
878,3249030558,3249030558,0,/tp @s -1025 -5 695,no,6,6,12,65.886,615.366,691.094,-5,1238.406,/tp @s -1025 -5 695,-1025,-5,695,-1052,724,"-1011,-6,703:1;-1006,-12,690:1;-1000,-6,694:1;-1011,-12,759:3",added
879,3251657559,,,,yes,7,5,12,82.158,186.324,246.239,-31,937.968,/tp @s -878 -31 330,-878,-31,330,-876,372,"-899,-36,386:1;-849,-46,400:1;-857,-46,408:1;-868,-32,331:2",added
880,3253725158,,,,yes,5,7,12,75.723,85.537,163.968,3,999.277,/tp @s 735 3 -677,735,3,-677,756,-716,"744,2,-692:1;777,2,-740:3;769,2,-732:1;709,-10,-667:2",added
881,3257867919,11847802511,2,/tp @s 268 -51 783,no,4,8,12,33.749,439.165,476.732,-51,827.595,/tp @s 268 -51 783,268,-51,783,228,772,"235,-52,776:2;253,-44,800:2;261,-44,792:2;268,-44,778:2",added
882,3259399027,93453712243,21,/tp @s 719 35 1316,no,5,7,12,56.08,569.701,667.894,35,1499.606,/tp @s 719 35 1316,719,35,1316,756,1284,"763,38,1297:2;754,38,1277:2;763,38,1304:2;775,38,1316:1",added
883,3266691343,123525775631,28,/tp @s -177 10 1353,no,4,8,12,42.356,191.309,316.367,10,1364.528,/tp @s -177 10 1353,-177,10,1353,-188,1300,"-163,9,1333:3;-185,3,1312:2;-206,15,1347:1;-151,9,1332:2",added
884,3267791669,,,,yes,5,7,12,53.907,107.197,211.272,-19,917.238,/tp @s 797 -19 -454,797,-19,-454,772,-428,"789,-18,-441:1;769,-14,-457:2;789,-24,-453:1;781,-12,-403:3",added
885,3268078367,37627816735,8,/tp @s 180 -2 -1368,no,5,7,12,79.284,453.975,517.896,-2,1379.791,/tp @s 180 -2 -1368,180,-2,-1368,180,-1388,"181,-9,-1373:1;185,-23,-1386:3;101,1,-1362:1;217,-13,-1344:2",added
886,3269477864,20449347048,4,/tp @s 322 35 727,no,7,5,12,57.385,32.060,77.492,35,795.118,/tp @s 322 35 727,322,35,727,324,772,"336,34,751:3;294,38,777:1;358,36,746:1",added
887,3270186589,,,,yes,4,8,12,73.116,381.913,406.465,24,746.924,/tp @s 690 24 286,690,24,286,692,260,"673,19,237:3;708,23,259:3;667,19,230:1;659,7,222:1",added
888,3276073715,,,,yes,9,3,12,108.125,194.147,311.005,35,1063.937,/tp @s 691 35 809,691,35,809,676,756,"678,38,739:1;697,34,796:1;660,24,706:1",added
889,3276146289,,,,yes,6,6,12,67.007,102.504,187.299,-9,961.254,/tp @s -447 -9 -851,-447,-9,-851,-412,-828,"-455,-10,-848:1;-455,-10,-855:1;-396,-26,-811:1;-487,-16,-840:3",added
890,3276588776,,,,yes,5,7,12,45.453,457.786,594.639,-2,970.644,/tp @s 230 -2 -943,230,-2,-943,228,-956,"213,13,-936:1;220,7,-941:2;226,21,-982:2;208,17,-960:2",added
891,3278623666,11868558258,2,/tp @s 1260 -50 -272,no,7,5,12,14.799,334.158,449.373,-50,1289.024,/tp @s 1260 -50 -272,1260,-50,-272,1300,-252,"1274,-51,-271:2;1261,-43,-285:2;1263,-43,-277:1",added
892,3280141436,3280141436,0,/tp @s 112 -30 -1111,no,6,7,13,91.099,435.188,484.404,-30,1116.631,/tp @s 112 -30 -1111,112,-30,-1111,148,-1052,"139,-29,-1024:2;133,-29,-1026:1;127,-31,-1105:3;127,-31,-1124:1",added
893,3280860283,37640598651,8,/tp @s 1181 -29 142,no,6,6,12,51.517,638.484,696.731,-29,1189.506,/tp @s 1181 -29 142,1181,-29,142,1220,164,"1228,-18,160:1;1227,-20,148:1;1183,-24,182:3;1224,-26,120:1",added
894,3286456116,3286456116,0,/tp @s -980 22 118,no,5,7,12,70.207,255.192,370.368,22,987.079,/tp @s -980 22 118,-980,22,118,-988,148,"-962,9,128:2;-949,21,141:1;-912,15,134:2;-977,9,108:2",added
895,3287546198,3287546198,0,/tp @s 175 28 1345,no,6,6,12,91.274,235.247,400.524,28,1356.337,/tp @s 175 28 1345,175,28,1345,180,1364,"174,35,1436:1;153,7,1321:2;161,7,1364:2;129,19,1359:1",added
896,3291038532,3291038532,0,/tp @s -846 -21 831,no,6,6,12,58.498,224.333,283.454,-21,1185.866,/tp @s -846 -21 831,-846,-21,831,-796,788,"-800,-12,796:2;-812,-14,795:2;-827,-14,814:1;-872,-16,832:1",added
897,3296432924,84900811548,19,/tp @s -898 -10 -968,no,4,8,12,37.323,95.113,293.805,-10,1320.389,/tp @s -898 -10 -968,-898,-10,-968,-908,-956,"-901,7,-971:2;-899,3,-943:2;-894,11,-976:2;-928,3,-950:2",added
898,3297155449,33361926521,7,/tp @s 1327 -35 197,no,7,5,12,71.505,230.266,295.869,-35,1341.543,/tp @s 1327 -35 197,1327,-35,197,1332,148,"1299,-32,155:1;1326,-44,136:1;1353,-44,131:1;1293,-38,175:2",added
899,3305014552,3305014552,0,/tp @s -783 3 702,no,7,5,12,56.445,121.255,211.819,3,1051.614,/tp @s -783 3 702,-783,3,702,-748,692,"-757,2,698:1;-746,0,716:2;-727,4,709:2",added
900,3305684526,3305684526,0,/tp @s -946 11 320,no,4,8,12,65.376,201.153,354.167,11,998.657,/tp @s -946 11 320,-946,11,320,-924,308,"-932,10,321:2;-929,10,327:2;-913,4,376:2;-905,4,368:2",added
901,3314803354,,,,yes,6,6,12,83.964,348.334,455.489,21,1068.598,/tp @s -1010 21 349,-1010,21,349,-1036,324,"-1026,8,304:2;-1008,18,313:1;-1081,4,310:2;-1062,-4,288:1",added
902,3315318160,,,,yes,6,6,12,44.733,502.798,512.137,8,822.224,/tp @s 796 8 206,796,8,206,820,164,"833,5,201:3;810,7,207:1;823,7,214:1;840,7,214:1",added
903,3317057188,,,,yes,7,5,12,34.843,545.851,579.901,-46,1239.534,/tp @s -917 -46 -834,-917,-46,-834,-924,-892,"-907,-47,-844:2;-890,-47,-856:1;-887,-51,-819:2",added
904,3322515563,170826240107,39,/tp @s 300 -30 1278,no,4,8,12,69.527,216.905,326.685,-30,1312.739,/tp @s 300 -30 1278,300,-30,1278,340,1252,"335,-19,1237:2;363,-21,1250:2;335,-19,1232:2;337,-31,1292:2",added
905,3323904381,,,,yes,5,7,12,48.466,340.511,390.104,20,705.188,/tp @s 223 20 669,223,20,669,196,692,"181,17,693:2;233,-7,685:1;264,-3,673:2;259,1,662:2",added
906,3325272537,33390043609,7,/tp @s 656 27 -1344,no,7,5,12,48.311,441.264,523.347,27,1495.551,/tp @s 656 27 -1344,656,27,-1344,676,-1356,"684,26,-1379:1;678,26,-1387:1;684,26,-1360:1;672,26,-1386:2",added
907,3329086962,3329086962,0,/tp @s -319 -32 -807,no,7,5,12,85.059,610.625,689.464,-32,867.761,/tp @s -319 -32 -807,-319,-32,-807,-332,-876,"-315,-33,-881:2;-320,-29,-892:1;-306,-27,-855:1;-313,-33,-820:1",added
908,3337295505,41992001169,9,/tp @s -305 2 -959,no,5,7,12,71.07,621.883,714.871,2,1006.333,/tp @s -305 2 -959,-305,2,-959,-348,-956,"-344,1,-926:2;-360,1,-914:1;-317,-1,-935:2;-315,1,-948:2",added
909,3345200863,7640168159,1,/tp @s 1296 -31 -234,no,8,5,13,103.397,40.621,164.991,-31,1316.956,/tp @s 1296 -31 -234,1296,-31,-234,1300,-300,"1309,-14,-305:1;1296,-30,-284:1;1337,-12,-327:2;1352,-16,-288:1",added
910,3346839876,239570041156,55,/tp @s 78 19 -914,no,6,6,12,59.917,187.971,300.563,19,917.322,/tp @s 78 19 -914,78,19,-914,116,-940,"136,18,-929:2;90,16,-968:1;93,16,-948:3",added
911,3348663961,,,,yes,7,5,12,79.536,302.908,321.875,13,1182.127,/tp @s -327 13 1136,-327,13,1136,-284,1140,"-288,8,1174:3;-264,8,1151:1;-258,2,1174:1",added
912,3348718096,,,,yes,8,4,12,41.388,668.412,689.700,30,895.589,/tp @s 276 30 -852,276,30,-852,244,-828,"271,37,-839:2;268,23,-892:2",added
913,3355070577,,,,yes,7,5,12,14.071,370.536,476.084,-44,1205.962,/tp @s 637 -44 -1024,637,-44,-1024,692,-1036,"651,-45,-1023:2;640,-53,-1018:2;646,-53,-1019:1",added
914,3359156944,,,,yes,8,4,12,81.498,143.762,208.515,19,1000.402,/tp @s -982 19 191,-982,19,191,-940,180,"-968,18,192:2;-906,14,220:1;-967,14,145:1",added
915,3359374809,,,,yes,7,5,12,59.983,238.209,318.645,8,1125.659,/tp @s -1010 8 -497,-1010,8,-497,-1020,-508,"-951,5,-504:2;-953,3,-479:2;-1015,-5,-509:1",added
916,3359683422,,,,yes,8,4,12,68.037,358.309,361.710,-33,1399.113,/tp @s -494 -33 -1309,-494,-33,-1309,-492,-1340,"-503,-34,-1324:1;-532,-40,-1365:1;-522,-40,-1357:1;-480,-38,-1372:1",added
917,3361549941,,,,yes,7,6,13,80.287,65.123,156.016,-2,1338.847,/tp @s -336 -2 1296,-336,-2,1296,-268,1364,"-287,5,1335:1;-277,5,1343:3;-277,5,1350:1;-294,5,1335:1",added
918,3369247077,54908854629,12,/tp @s 138 22 1137,no,6,6,12,59.338,351.239,472.756,22,1145.344,/tp @s 138 22 1137,138,22,1137,196,1124,"192,33,1115:2;192,33,1132:1;192,33,1139:1;179,29,1102:2",added
919,3374888336,7669855632,1,/tp @s 797 -6 628,no,7,5,12,41.061,375.410,489.014,-6,1014.689,/tp @s 797 -6 628,797,-6,628,756,628,"770,-7,624:1;784,-7,634:2;763,-7,651:1;773,-7,659:1",added
920,3378609036,3378609036,0,/tp @s -809 -28 -458,no,4,8,12,33.496,442.022,516.053,-28,929.648,/tp @s -809 -28 -458,-809,-28,-458,-876,-412,"-823,-29,-435:3;-808,-29,-433:2;-837,-41,-471:1;-828,-41,-448:2",added
921,3385451078,33450222150,7,/tp @s 303 46 -1061,no,8,5,13,91.011,316.157,419.036,46,1103.417,/tp @s 303 46 -1061,303,46,-1061,292,-1084,"310,45,-1097:1;304,45,-1124:2;264,33,-1049:1;304,45,-1152:1",added
922,3388293618,,,,yes,6,6,12,54.305,57.816,141.884,23,969.111,/tp @s 336 23 -909,336,23,-909,324,-972,"341,24,-944:1;302,18,-939:1;322,22,-901:2;308,16,-955:2",added
923,3390453402,72109930138,16,/tp @s 308 -3 1292,no,7,5,12,24.617,716.261,772.781,-3,1328.205,/tp @s 308 -3 1292,308,-3,1292,324,1252,"327,-10,1278:1;312,-16,1285:1;312,-16,1292:1;312,-16,1299:2",added
924,3390649068,3390649068,0,/tp @s 302 -8 -857,no,9,3,12,14.071,150.581,233.618,-8,908.654,/tp @s 302 -8 -857,302,-8,-857,324,-812,"303,-9,-843:2;303,-15,-846:1",added
925,3391528754,,,,yes,7,5,12,31.161,261.291,398.494,2,920.428,/tp @s 558 2 732,558,2,732,564,724,"581,1,711:1;563,3,709:1;564,-19,748:1;564,-19,729:2",added
926,3398416593,,,,yes,8,4,12,94.874,36.135,169.125,1,867.051,/tp @s -849 1 176,-849,1,176,-844,132,"-828,2,150:1;-771,2,122:2;-791,2,118:1",added
927,3402927409,29172731185,6,/tp @s 216 4 1263,no,8,4,12,62.658,352.697,422.685,4,1281.337,/tp @s 216 4 1263,216,4,1263,244,1236,"247,9,1250:1;273,5,1289:1;220,7,1237:1;238,5,1295:1",added
928,3405913904,,,,yes,6,6,12,72.897,736.829,829.575,-29,1275.016,/tp @s -992 -29 801,-992,-29,801,-1020,756,"-1043,-32,749:1;-1033,-32,757:2;-977,-30,756:2;-987,-36,767:1",added
929,3407602489,102191850297,23,/tp @s 1241 12 -375,no,6,6,12,67.431,62.113,66.352,12,1296.42,/tp @s 1241 12 -375,1241,12,-375,1220,-396,"1226,5,-349:2;1250,5,-365:1;1182,-13,-354:1;1227,-3,-378:2",added
930,3408323723,37768062091,8,/tp @s 1232 -28 756,no,7,5,12,55.66,61.002,208.102,-28,1445.462,/tp @s 1232 -28 756,1232,-28,756,1284,788,"1276,-35,757:2;1247,-41,704:1;1247,-41,754:2",added
931,3412586569,3412586569,0,/tp @s 855 -16 -914,no,4,8,12,69.072,664.299,691.964,-16,1251.567,/tp @s 855 -16 -914,855,-16,-914,868,-860,"876,-11,-858:1;854,-13,-845:2;826,-27,-881:2;862,-13,-900:3",added
932,3413890311,3413890311,0,/tp @s 35 -37 1382,no,6,6,12,40.324,578.621,617.183,-37,1382.443,/tp @s 35 -37 1382,35,-37,1382,68,1348,"36,-38,1350:2;27,-44,1379:2;7,-38,1353:2",added
933,3415314575,,,,yes,6,6,12,51.118,239.563,264.319,-29,1424.138,/tp @s 1218 -29 -738,1218,-29,-738,1300,-732,"1257,-24,-754:1;1262,-30,-764:3;1255,-30,-710:2",added
934,3416022707,16300924595,3,/tp @s -940 -33 817,no,7,5,12,66.836,375.828,441.139,-33,1245.427,/tp @s -940 -33 817,-940,-33,817,-908,804,"-875,-44,806:2;-913,-44,833:2;-887,-44,809:1",added
935,3417027615,,,,yes,7,5,12,60.448,182.000,195.610,-26,1229.432,/tp @s 152 -26 1220,152,-26,1220,196,1220,"211,-13,1218:2;184,-17,1238:1;190,-27,1215:1;174,-27,1229:1",added
936,3425464283,,,,yes,7,5,12,41.485,232.385,369.867,18,1464.926,/tp @s 1245 18 -772,1245,18,-772,1284,-764,"1260,17,-778:2;1260,23,-770:1;1267,9,-738:2",added
937,3427092111,,,,yes,4,8,12,50.971,275.191,353.221,-46,1031.1,/tp @s 688 -46 -768,688,-46,-768,708,-812,"716,-25,-800:3;682,-47,-781:2;713,-47,-781:2;678,-29,-815:1",added
938,3440627410,3440627410,0,/tp @s -867 -10 176,no,7,5,12,58.669,334.476,338.627,-10,884.684,/tp @s -867 -10 176,-867,-10,176,-828,196,"-822,-7,203:1;-820,-13,203:3;-815,-7,203:1",added
939,3445151879,,,,yes,7,5,12,62.69,261.896,314.615,25,830.578,/tp @s 144 25 818,144,25,818,164,772,"159,32,790:1;191,36,778:2;150,26,795:1;134,28,806:1",added
940,3445376304,24920212784,5,/tp @s -330 21 -1333,no,5,7,12,37.216,616.740,693.642,21,1373.24,/tp @s -330 21 -1333,-330,21,-1333,-316,-1340,"-360,20,-1355:3;-337,14,-1330:2;-330,14,-1337:2",added
941,3447803678,29217607454,6,/tp @s 704 42 363,no,8,4,12,71.407,354.780,375.825,42,792.076,/tp @s 704 42 363,704,42,363,772,356,"759,27,320:1;736,35,388:1;705,41,349:2",added
942,3450690592,37810428960,8,/tp @s 803 6 -1263,no,8,4,12,66.491,61.385,104.847,6,1496.656,/tp @s 803 6 -1263,803,6,-1263,836,-1276,"818,5,-1269:1;848,3,-1247:2;865,5,-1287:1",added
943,3452245159,3452245159,0,/tp @s 1157 -14 -916,no,6,6,12,77.395,455.968,543.991,-14,1475.705,/tp @s 1157 -14 -916,1157,-14,-916,1156,-860,"1176,-27,-854:1;1171,-27,-841:2;1176,-27,-847:1;1158,-33,-900:2",added
944,3454230074,29224033850,6,/tp @s 722 -27 657,no,8,4,12,46.957,360.987,399.420,-27,976.183,/tp @s 722 -27 657,722,-27,657,756,644,"758,-30,627:2;764,-28,640:1;739,-28,685:1",added
945,3454541652,,,,yes,4,8,12,71.575,110.449,189.333,-23,790.51,/tp @s 735 -23 291,735,-23,291,740,244,"736,-24,235:2;736,-24,252:2;702,-28,245:2;744,-24,220:2",added
946,3459876471,37819614839,8,/tp @s -1431 31 260,no,6,6,12,67.037,17.875,113.153,31,1454.428,/tp @s -1431 31 260,-1431,31,260,-1420,212,"-1450,24,283:1;-1469,26,205:3;-1461,22,301:1;-1486,20,256:1",added
947,3461250872,7756218168,1,/tp @s 800 24 -852,no,6,6,12,50.458,108.974,150.759,24,1168.719,/tp @s 800 24 -852,800,24,-852,820,-828,"840,9,-847:1;814,-3,-859:2;844,3,-865:3",added
948,3463989619,,,,yes,8,4,12,88.758,0.500,71.135,-23,1028.355,/tp @s 252 -23 -997,252,-23,-997,276,-1004,"300,-20,-1036:2;301,-22,-1071:1;313,-20,-1047:1",added
949,3468696299,12058630891,2,/tp @s -748 5 826,no,7,5,12,87.373,316.618,392.311,5,1114.352,/tp @s -748 5 826,-748,5,826,-700,788,"-710,-2,814:2;-741,4,800:1;-699,-2,754:2",added
950,3469881103,,,,yes,4,8,12,49.295,659.532,742.202,-7,1289.683,/tp @s 1241 -7 -351,1241,-7,-351,1268,-412,"1258,-2,-397:3;1258,-2,-390:3;1238,-6,-389:1;1263,-8,-342:1",added
951,3471233273,33536004345,7,/tp @s 1215 3 685,no,6,6,12,51.078,402.875,431.858,3,1394.794,/tp @s 1215 3 685,1215,3,685,1220,740,"1205,0,735:2;1214,-4,715:2;1226,-4,707:1;1226,-4,700:1",added
952,3474377130,265467382186,61,/tp @s 1238 45 193,no,7,5,12,66.461,797.494,801.690,45,1252.954,/tp @s 1238 45 193,1238,45,193,1252,180,"1271,44,200:3;1244,40,259:2",added
953,3478597945,3478597945,0,/tp @s -984 14 -959,no,6,6,12,67.298,4.000,54.539,14,1374.022,/tp @s -984 14 -959,-984,14,-959,-972,-924,"-993,23,-949:1;-946,27,-905:1;-941,27,-911:3;-933,27,-918:1",added
954,3479644566,,,,yes,6,6,12,64.226,418.168,503.908,-14,1251.716,/tp @s -852 -14 -917,-852,-14,-917,-812,-892,"-837,-21,-870:2;-795,-13,-906:1;-838,-11,-927:1;-836,-19,-855:2",added
955,3485086648,,,,yes,6,6,12,59.008,690.635,736.076,-9,1094.229,/tp @s -1091 -9 84,-1091,-9,84,-1068,100,"-1056,-2,122:1;-1054,-10,73:1;-1086,-10,68:1;-1039,-2,111:3",added
956,3487948394,,,,yes,8,4,12,58.198,153.192,163.895,17,863.125,/tp @s 771 17 -388,771,17,-388,772,-364,"761,10,-392:1;716,16,-369:2;777,16,-411:1",added
957,3498921417,3498921417,0,/tp @s 706 -39 -191,no,5,7,12,40.46,328.057,337.187,-39,731.38,/tp @s 706 -39 -191,706,-39,-191,740,-188,"721,-42,-195:1;726,-48,-157:2;722,-46,-200:1;715,-46,-200:3",added
958,3503373049,89402718969,20,/tp @s -943 29 -363,no,7,5,12,67.186,278.227,372.510,29,1010.454,/tp @s -943 29 -363,-943,29,-363,-924,-396,"-937,28,-376:1;-948,28,-383:2;-943,34,-430:1;-949,28,-410:1",added
959,3504354395,80813765723,18,/tp @s 1254 -16 1,no,6,7,13,57.914,210.121,258.962,-16,1254.0,/tp @s 1254 -16 1,1254,-16,1,1252,20,"1243,-5,32:2;1260,-5,25:2;1245,-9,42:2;1210,-9,38:1",added
960,3505294514,63634836658,14,/tp @s 718 -13 1238,no,7,5,12,47.392,1.750,4.809,-13,1431.142,/tp @s 718 -13 1238,718,-13,1238,756,1268,"747,-14,1258:1;758,-18,1244:3;763,-18,1252:1",added
961,3509612225,,,,yes,7,5,12,87.212,132.658,216.275,5,1221.65,/tp @s 1155 5 398,1155,5,398,1172,356,"1177,10,379:1;1221,6,341:1;1172,4,389:2;1230,-2,391:1",added
962,3518408749,85122787373,19,/tp @s -1424 18 -423,no,5,7,12,27.749,559.956,638.113,18,1485.498,/tp @s -1424 18 -423,-1424,18,-423,-1468,-428,"-1440,31,-426:1;-1448,31,-418:3;-1433,31,-426:1;-1418,17,-443:2",added
963,3522671376,42177377040,9,/tp @s 164 -26 1217,no,6,6,12,96.172,350.041,415.350,-26,1228.0,/tp @s 164 -26 1217,164,-26,1217,212,1252,"246,-31,1267:3;190,-27,1189:1;214,-39,1217:2",added
964,3539957820,,,,yes,5,7,12,106.287,367.751,492.135,-23,1287.187,/tp @s -425 -23 1215,-425,-23,1215,-364,1220,"-325,-28,1228:2;-325,-28,1221:1;-352,-28,1260:1;-319,-28,1221:3",added
965,3544176155,46493849115,10,/tp @s 916 -41 -915,no,7,5,12,47.896,623.920,773.289,-41,1294.713,/tp @s 916 -41 -915,916,-41,-915,916,-908,"922,-42,-900:1;950,-46,-891:1;914,-44,-948:2;903,-44,-961:1",added
966,3549634712,140988588184,32,/tp @s 1452 26 21,no,5,7,12,80.907,197.912,272.832,26,1452.152,/tp @s 1452 26 21,1452,26,21,1444,52,"1388,19,70:2;1401,21,76:2;1416,21,48:1;1481,19,89:2",added
967,3556657199,,,,yes,7,5,12,63.135,516.365,540.397,1,950.516,/tp @s 141 1 -940,141,1,-940,180,-924,"151,0,-930:1;145,0,-877:1;128,-6,-915:1;175,-2,-891:2",added
968,3561417835,46511090795,10,/tp @s 289 -9 1302,no,8,4,12,56.657,417.986,532.079,-9,1333.688,/tp @s 289 -9 1302,289,-9,1302,324,1364,"317,-4,1351:1;303,-4,1309:1;313,-16,1343:2",added
969,3565864012,123824948300,28,/tp @s 257 -11 -1402,no,7,5,12,129.715,46.250,144.161,-11,1425.361,/tp @s 257 -11 -1402,257,-11,-1402,244,-1340,"233,6,-1306:1;240,-10,-1382:1;251,-10,-1371:2;249,0,-1273:1",added
970,3568027525,12157962117,2,/tp @s 894 11 -353,no,6,6,12,109.877,287.882,438.705,11,961.169,/tp @s 894 11 -353,894,11,-353,900,-300,"958,4,-310:1;965,4,-310:2;954,8,-261:1;931,8,-256:2",added
971,3568103658,93762416874,21,/tp @s 370 -43 -977,no,8,4,12,57.853,137.068,166.437,-43,1044.715,/tp @s 370 -43 -977,370,-43,-977,356,-1036,"347,-46,-1030:1;371,-44,-1024:1;366,-44,-992:2",added
972,3578214336,59412789184,13,/tp @s -362 17 -1333,no,8,4,12,61.392,258.893,315.367,17,1381.279,/tp @s -362 17 -1333,-362,17,-1333,-380,-1324,"-422,12,-1321:2;-409,14,-1332:1;-377,18,-1346:1",added
973,3590141721,29359945497,6,/tp @s 212 -7 1183,no,5,7,12,41.219,318.549,441.854,-7,1201.846,/tp @s 212 -7 1183,212,-7,1183,244,1220,"235,14,1210:3;246,10,1196:1;228,14,1210:2;238,12,1175:1",added
974,3592954906,29362758682,6,/tp @s 263 -27 -1215,no,5,7,12,66.558,491.843,587.021,-27,1243.139,/tp @s 263 -27 -1215,263,-27,-1215,292,-1292,"256,-32,-1281:3;264,-28,-1246:1;258,-32,-1230:2;277,-30,-1261:1",added
975,3594025947,42248731611,9,/tp @s -945 -17 -275,no,7,5,12,35.525,386.596,499.580,-17,984.2,/tp @s -945 -17 -275,-945,-17,-275,-924,-252,"-949,-18,-296:2;-949,-18,-303:1;-924,-18,-276:1;-971,-36,-290:1",added
976,3594054409,,,,yes,7,5,12,89.202,62.901,183.130,-30,809.642,/tp @s 764 -30 -268,764,-30,-268,724,-252,"772,-31,-249:1;758,-31,-249:1;704,-31,-202:2;779,-31,-242:1",added
977,3598065706,55137673258,12,/tp @s 116 11 1294,no,5,8,13,90.078,188.313,226.689,11,1299.189,/tp @s 116 11 1294,116,11,1294,196,1364,"192,12,1339:2;168,20,1367:2;156,16,1348:3;141,10,1295:1",added
978,3601463137,188285056865,43,/tp @s 828 -30 -860,no,7,5,12,65.2,211.501,217.753,-30,1193.811,/tp @s 828 -30 -860,828,-30,-860,884,-860,"893,-31,-855:2;822,-31,-873:2;845,-37,-806:1",added
979,3616794828,,,,yes,8,4,12,65.955,416.675,486.065,-12,1203.449,/tp @s -919 -12 777,-919,-12,777,-956,756,"-955,-25,752:1;-977,-31,752:1;-943,-25,782:1;-966,-17,733:1",added
980,3618721226,,,,yes,7,5,12,52.096,341.285,411.807,25,1304.276,/tp @s -944 25 -900,-944,25,-900,-908,-940,"-985,28,-932:2;-904,16,-918:2;-916,24,-907:1",added
981,3629836383,,,,yes,5,7,12,104.585,195.102,287.095,-19,907.463,/tp @s -360 -19 -833,-360,-19,-833,-412,-780,"-427,-26,-753:2;-419,-26,-763:2;-414,-26,-748:1;-354,-20,-818:2",added
982,3629852053,,,,yes,5,7,12,54.461,266.028,357.991,-29,846.463,/tp @s 660 -29 -530,660,-29,-530,708,-524,"710,-22,-541:1;682,-34,-525:1;714,-34,-525:3;697,-34,-510:2",added
983,3636334732,3636334732,0,/tp @s 1219 24 847,no,7,5,12,47.255,249.859,336.761,24,1484.375,/tp @s 1219 24 847,1219,24,847,1252,852,"1265,15,841:1;1245,23,847:3;1237,13,851:1",added
984,3637164631,3637164631,0,/tp @s 808 -3 -452,no,6,6,12,40.902,354.194,427.511,-3,925.834,/tp @s 808 -3 -452,808,-3,-452,820,-444,"823,-4,-458:1;800,-6,-412:2;800,-2,-432:2;841,-4,-457:1",added
985,3638121686,153961977046,35,/tp @s -1080 34 878,no,9,5,14,71.127,351.021,403.951,34,1391.863,/tp @s -1080 34 878,-1080,34,878,-1036,884,"-1044,35,873:1;-1058,33,912:2;-1009,31,875:2",added
986,3648838218,,,,yes,6,6,12,54.213,670.163,739.556,19,1435.463,/tp @s 745 19 1227,745,19,1227,740,1188,"756,16,1174:1;707,12,1228:3;737,6,1230:2",added
987,3655316740,12245251332,2,/tp @s 652 -50 -1052,no,8,4,12,26.552,409.317,536.383,-50,1237.662,/tp @s 652 -50 -1052,652,-50,-1052,644,-1084,"640,-45,-1058:1;640,-45,-1044:2;626,-45,-1050:1",added
988,3657130794,55196738346,12,/tp @s 1168 -34 713,no,5,7,12,32.342,102.000,161.205,-34,1368.427,/tp @s 1168 -34 713,1168,-34,713,1204,724,"1194,-31,715:2;1194,-31,732:2;1189,-35,719:2;1183,-35,719:1",added
989,3665003613,,,,yes,5,7,12,52.326,218.056,262.884,-24,1070.201,/tp @s 641 -24 -857,641,-24,-857,660,-844,"641,-25,-827:2;667,-31,-817:1;674,-31,-817:2;625,-37,-863:2",added
990,3685875478,12275810070,2,/tp @s -1345 25 -414,no,9,3,12,66.415,0.125,74.316,25,1407.274,/tp @s -1345 25 -414,-1345,25,-414,-1324,-412,"-1351,30,-439:1;-1359,24,-477:1;-1366,24,-477:1",added
991,3685878915,16570780803,3,/tp @s -754 -24 708,no,8,4,12,57.228,205.007,240.251,-24,1034.302,/tp @s -754 -24 708,-754,-24,708,-796,692,"-804,-23,691:1;-811,-23,703:1;-768,-25,709:1;-775,-21,667:1",added
992,3689890751,162603680703,37,/tp @s 1104 0 186,no,7,5,12,35.707,44.414,65.024,0,1119.559,/tp @s 1104 0 186,1104,0,186,1124,164,"1110,-21,180:1;1103,-7,221:3;1101,-1,214:1",added
993,3694692754,42349398418,9,/tp @s 296 26 -1402,no,6,6,12,35.369,340.524,428.202,26,1432.906,/tp @s 296 26 -1402,296,26,-1402,276,-1436,"305,17,-1435:1;276,19,-1402:1;313,9,-1397:2;295,11,-1408:2",added
994,3697394342,29467198118,6,/tp @s 1323 -2 -270,no,9,3,12,59.95,202.875,255.708,-2,1350.27,/tp @s 1323 -2 -270,1323,-2,-270,1316,-220,"1295,-3,-217:1;1319,-9,-274:1;1300,-11,-304:1",added
995,3701721138,16586623026,3,/tp @s 697 26 576,no,6,6,12,68.608,308.287,311.396,26,904.204,/tp @s 697 26 576,697,26,576,724,612,"731,25,624:2;731,25,617:1;709,19,587:1;748,17,621:2",added
996,3701734293,3701734293,0,/tp @s -845 -24 627,no,5,7,12,42.532,509.038,542.444,-24,1052.214,/tp @s -845 -24 627,-845,-24,627,-860,660,"-852,-25,657:2;-855,-31,612:2;-815,-27,657:1;-827,-27,632:2",added
997,3703745806,16588647694,3,/tp @s 178 -22 1167,no,8,4,12,83.457,567.306,623.484,-22,1180.497,/tp @s 178 -22 1167,178,-22,1167,148,1188,"121,-25,1190:1;168,-35,1183:2;102,-39,1137:1",added
998,3704509785,12294444377,2,/tp @s 876 35 827,no,8,4,12,61.474,52.672,182.659,35,1204.701,/tp @s 876 35 827,876,35,827,804,852,"821,40,854:1;837,34,860:2;869,34,817:1",added
999,3705705793,8000673089,1,/tp @s -928 -34 200,no,7,5,12,69.9,311.811,417.905,-34,949.307,/tp @s -928 -34 200,-928,-34,200,-940,148,"-947,-37,157:2;-947,-37,164:1;-918,-29,131:1;-945,-33,133:1",added
1000,3705943878,3705943878,0,/tp @s 889 32 863,no,7,5,12,25.397,60.100,144.986,32,1238.987,/tp @s 889 32 863,889,32,863,900,820,"883,31,850:2;875,25,843:1;903,25,855:2",added
1001,3707483541,20887352725,4,/tp @s -381 -1 -736,no,5,7,12,33.03,307.347,357.911,-1,828.768,/tp @s -381 -1 -736,-381,-1,-736,-316,-780,"-354,-2,-755:3;-401,-14,-732:2;-371,-14,-738:1;-377,-14,-752:1",added
1002,3720586089,128274637673,29,/tp @s 226 -27 -1292,no,6,6,12,43.749,188.174,283.143,-27,1311.617,/tp @s 226 -27 -1292,226,-27,-1292,228,-1308,"195,-28,-1317:2;183,-28,-1300:1;214,-22,-1299:2;214,-22,-1292:1",added
1003,3722053223,68146562663,15,/tp @s -285 43 786,no,8,4,12,44.283,74.330,119.993,43,836.075,/tp @s -285 43 786,-285,43,786,-268,772,"-250,42,800:1;-276,42,803:1;-243,42,800:1;-298,28,785:1",added
1004,3750969938,98240250450,22,/tp @s 717 3 1217,no,5,7,12,66.671,685.977,756.133,3,1412.508,/tp @s 717 3 1217,717,3,1217,740,1268,"754,4,1252:2;737,4,1238:2;762,0,1235:2;779,-2,1241:1",added
1005,3753251120,63882793264,14,/tp @s 217 -39 -1309,no,8,5,13,30.952,0.000,52.409,-39,1326.865,/tp @s 217 -39 -1309,217,-39,-1309,196,-1340,"208,-28,-1310:3;201,-28,-1310:1;247,-42,-1302:1",added
1006,3756255757,,,,yes,8,4,12,47.937,448.799,565.104,41,1123.161,/tp @s -851 41 733,-851,41,733,-876,724,"-831,34,776:1;-843,22,743:2;-836,22,743:1",added
1007,3756625108,,,,yes,5,7,12,80.629,418.635,483.944,-3,1125.242,/tp @s -473 -3 -1021,-473,-3,-1021,-444,-1068,"-491,-6,-1044:1;-428,-6,-999:1;-466,-4,-1009:3;-399,-4,-989:2",added
1008,3759368080,16644269968,3,/tp @s -235 -33 -1295,no,6,6,12,52.868,201.699,260.286,-33,1316.15,/tp @s -235 -33 -1295,-235,-33,-1295,-284,-1324,"-276,-28,-1328:1;-226,-28,-1338:1;-218,-28,-1323:1;-221,-28,-1339:3",added
1009,3760099623,3760099623,0,/tp @s 726 8 -336,no,7,5,12,63.961,131.069,231.206,8,799.982,/tp @s 726 8 -336,726,8,-336,772,-316,"779,3,-358:1;789,-3,-335:1;784,3,-330:3",added
1010,3772494988,16657396876,3,/tp @s -481 -27 -1331,no,7,5,12,59.313,39.757,63.829,-27,1415.246,/tp @s -481 -27 -1331,-481,-27,-1331,-492,-1356,"-497,-28,-1343:2;-521,-22,-1368:1;-536,-40,-1349:1;-514,-22,-1368:1",added
1011,3773008169,106852223273,24,/tp @s 191 12 -1365,no,7,5,12,73.068,200.441,294.640,12,1378.298,/tp @s 191 12 -1365,191,12,-1365,196,-1420,"192,11,-1397:1;148,9,-1424:3;158,9,-1416:1",added
1012,3777602147,25252438627,5,/tp @s 577 29 -1269,no,5,7,12,44.125,506.697,546.274,29,1394.019,/tp @s 577 29 -1269,577,29,-1269,612,-1308,"595,32,-1306:2;608,34,-1300:3;591,28,-1270:2",added
1013,3779670932,,,,yes,8,4,12,44.565,537.532,559.933,-20,1014.042,/tp @s 916 -20 -435,916,-20,-435,868,-460,"882,-15,-421:1;876,-15,-416:1;901,-21,-451:1;906,-21,-426:1",added
1014,3789635345,38149373713,8,/tp @s 241 26 1436,no,6,6,12,56.116,80.545,185.259,26,1456.083,/tp @s 241 26 1436,241,26,1436,180,1412,"188,37,1435:1;188,31,1428:2;188,31,1421:1;189,37,1454:2",added
1015,3790679420,12380614012,2,/tp @s 797 -2 1174,no,7,5,12,71.533,160.138,189.783,-2,1418.973,/tp @s 797 -2 1174,797,-2,1174,820,1140,"801,-9,1171:2;865,-5,1152:1;810,-15,1159:2",added
1016,3790911769,128344963353,29,/tp @s 1196 29 743,no,7,5,12,29.983,311.829,407.313,29,1408.0,/tp @s 1196 29 743,1196,29,743,1220,708,"1202,28,730:2;1196,22,760:1;1179,16,764:2",added
1017,3794055059,,,,yes,8,4,12,40.719,316.669,396.293,11,986.323,/tp @s 937 11 -308,937,11,-308,900,-380,"918,10,-344:2;935,4,-320:2",added
1018,3798417954,175597109794,40,/tp @s 1174 19 -351,no,6,7,13,51.701,429.687,507.457,19,1225.348,/tp @s 1174 19 -351,1174,19,-351,1204,-332,"1206,26,-311:1;1176,22,-330:2;1194,26,-348:3;1193,18,-355:1",added
1019,3799195636,12389130228,2,/tp @s 1199 -23 243,no,7,5,12,60.819,333.504,412.212,-23,1223.376,/tp @s 1199 -23 243,1199,-23,243,1236,228,"1216,-24,253:1;1220,-24,284:2;1202,-24,253:1;1232,-26,192:1",added
1020,3802106137,93996419353,21,/tp @s -898 30 1166,no,7,5,12,42.083,605.996,648.979,30,1471.72,/tp @s -898 30 1166,-898,30,1166,-876,1188,"-871,39,1197:1;-869,29,1172:2;-883,39,1202:2",added
1021,3802188788,25277025268,5,/tp @s -1000 18 -243,no,6,6,12,57.498,440.653,520.496,18,1029.101,/tp @s -1000 18 -243,-1000,18,-243,-1020,-220,"-1041,23,-203:1;-1028,25,-219:3;-991,21,-199:2",added
1022,3805192941,16690094829,3,/tp @s -394 11 737,no,4,8,12,31.765,127.652,182.889,11,835.706,/tp @s -394 11 737,-394,11,737,-380,772,"-379,22,758:1;-398,20,764:3;-417,14,755:2;-412,14,763:2",added
1023,3807498214,3807498214,0,/tp @s 823 -7 -432,no,5,7,12,32.909,202.033,276.353,-7,929.491,/tp @s 823 -7 -432,823,-7,-432,772,-396,"804,-8,-406:3;812,-8,-401:2;817,-8,-417:2",added
1024,3807763174,,,,yes,5,7,12,62.201,35.611,118.074,-1,943.801,/tp @s -756 -1 565,-756,-1,565,-796,596,"-776,-2,614:2;-770,-2,595:1;-746,-2,575:3;-800,-14,607:1",added
1025,3810727367,3810727367,0,/tp @s 197 0 1254,no,6,7,13,49.244,472.057,476.140,0,1269.38,/tp @s 197 0 1254,197,0,1254,196,1300,"222,3,1278:1;173,-1,1264:2;184,-1,1260:2;235,-9,1284:2",added
1026,3813366835,29583170611,6,/tp @s -984 -48 704,no,7,5,12,85.855,673.891,695.402,-48,1209.906,/tp @s -984 -48 704,-984,-48,704,-924,724,"-934,-37,708:2;-922,-39,686:2;-905,-35,735:1",added
1027,3815649136,1919371063152,446,/tp @s -977 -7 -947,no,4,8,12,79.706,213.272,260.036,-7,1360.639,/tp @s -977 -7 -947,-977,-7,-947,-972,-988,"-977,0,-1009:3;-972,-20,-952:2;-925,0,-1007:2;-989,-14,-985:1",added
1028,3817295665,33882066737,7,/tp @s 1154 32 -833,no,5,7,12,43.37,131.194,280.684,32,1423.238,/tp @s 1154 32 -833,1154,32,-833,1140,-860,"1130,35,-869:3;1144,31,-843:2;1156,25,-843:2",added
1029,3821751691,8116718987,1,/tp @s -1477 33 35,no,4,8,12,51.118,154.994,247.578,33,1477.415,/tp @s -1477 33 35,-1477,33,35,-1420,36,"-1443,32,37:2;-1451,32,79:3;-1463,32,30:2;-1491,34,68:1",added
1030,3822576660,,,,yes,6,6,12,42.591,279.871,383.118,15,1139.99,/tp @s -956 15 621,-956,15,621,-924,644,"-934,30,652:2;-941,24,621:2;-923,22,647:1;-948,24,615:1",added
1031,3827558483,55367166035,12,/tp @s 775 14 1217,no,7,5,12,65.077,451.404,502.825,14,1442.815,/tp @s 775 14 1217,775,14,1217,772,1252,"768,15,1263:2;778,15,1282:2;800,13,1259:1",added
1032,3828224671,,,,yes,8,4,12,41.304,194.437,299.657,5,1152.668,/tp @s -960 5 638,-960,5,638,-908,660,"-920,10,629:2;-938,14,636:1;-954,4,607:1",added
1033,3832270398,38192008766,8,/tp @s 1175 -38 656,no,7,5,12,47.686,638.278,732.437,-38,1345.72,/tp @s 1175 -38 656,1175,-38,656,1156,676,"1147,-33,688:2;1140,-33,688:2;1176,-47,644:1",added
1034,3832577418,12422512010,2,/tp @s -158 15 1332,no,6,6,12,76.929,35.750,66.176,15,1341.338,/tp @s -158 15 1332,-158,15,1332,-172,1284,"-149,14,1322:1;-153,14,1260:2;-179,16,1258:1;-149,14,1329:2",added
1035,3833306617,,,,yes,5,7,12,79.837,137.271,288.805,26,1136.062,/tp @s -894 26 701,-894,26,701,-908,676,"-907,25,707:2;-932,19,658:2;-937,13,635:1;-926,13,681:2",added
1036,3837552946,,,,yes,8,4,12,92.785,113.129,200.215,-39,886.143,/tp @s 305 -39 -832,305,-39,-832,340,-860,"364,-44,-860:2;395,-44,-854:1;333,-40,-816:1",added
1037,3842630866,,,,yes,5,7,12,84.953,389.494,485.807,-6,850.126,/tp @s 235 -6 817,235,-6,817,276,820,"254,5,812:1;257,-13,770:3;270,5,790:2;317,-3,839:1",added
1038,3849287415,,,,yes,6,7,13,45.453,152.548,253.928,37,998.039,/tp @s 239 37 -969,239,37,-969,244,-1020,"240,36,-1012:1;228,34,-1013:3;263,36,-997:1;231,36,-972:2",added
1039,3853905340,,,,yes,6,6,12,28.302,329.218,382.251,-42,1202.493,/tp @s -290 -42 1167,-290,-42,1167,-252,1172,"-276,-43,1174:2;-270,-41,1187:2;-280,-33,1166:2",added
1040,3854184798,,,,yes,7,5,12,43.023,327.752,353.672,-30,1349.285,/tp @s 1312 -30 315,1312,-30,315,1348,260,"1313,-31,272:2;1329,-37,324:1;1299,-31,275:2",added
1041,3859858731,16744760619,3,/tp @s -780 35 -950,no,8,4,12,92.461,330.965,426.958,35,1229.187,/tp @s -780 35 -950,-780,35,-950,-812,-972,"-787,30,-1010:1;-797,12,-1025:1;-840,28,-1020:2",added
1042,3860768443,,,,yes,4,8,12,74.96,380.030,459.723,-3,1112.328,/tp @s 815 -3 757,815,-3,757,772,740,"802,-4,763:1;750,2,794:2;763,-10,730:2;741,2,762:3",added
1043,3864871309,33929642381,7,/tp @s 1280 -3 -298,no,6,6,12,29.883,216.122,370.080,-3,1314.231,/tp @s 1280 -3 -298,1280,-3,-298,1300,-316,"1283,8,-324:2;1263,8,-312:2;1256,8,-312:2",added
1044,3865305999,12455240591,2,/tp @s -430 32 -1255,no,6,6,12,42.743,688.250,801.565,32,1326.622,/tp @s -430 32 -1255,-430,32,-1255,-444,-1276,"-436,41,-1264:2;-429,41,-1264:1;-415,41,-1294:1;-436,41,-1252:2",added
1045,3869301305,21049170489,4,/tp @s -783 23 -357,no,5,7,12,87.51,86.971,104.693,23,860.545,/tp @s -783 23 -357,-783,23,-357,-828,-364,"-795,22,-350:1;-870,18,-349:1;-789,26,-345:2;-802,12,-346:3",added
1046,3873345539,29643149315,6,/tp @s 222 -14 -927,no,8,4,12,100.025,428.271,481.742,-14,953.212,/tp @s 222 -14 -927,222,-14,-927,196,-876,"212,-21,-921:1;201,-15,-966:2;202,-15,-829:1",added
1047,3877388462,3877388462,0,/tp @s 83 -12 929,no,7,5,12,23.728,565.670,628.088,-12,932.7,/tp @s 83 -12 929,83,-12,929,52,868,"75,-7,908:2;100,-19,914:1;87,-7,913:2",added
1048,3878325415,21058194599,4,/tp @s -936 -11 704,no,6,6,12,61.408,183.992,204.431,-11,1171.201,/tp @s -936 -11 704,-936,-11,704,-908,740,"-900,-6,741:1;-893,-4,737:1;-877,-10,687:3;-904,-14,704:1",added
1049,3883529027,115552678723,26,/tp @s -815 11 739,no,8,5,13,79.366,149.898,161.800,11,1100.157,/tp @s -815 11 739,-815,11,739,-812,820,"-822,-2,727:2;-817,-2,735:1;-843,-2,753:1;-798,20,816:1",added
1050,3889349241,68313858681,15,/tp @s -980 -30 -940,no,5,7,12,57.393,94.500,207.457,-30,1357.94,/tp @s -980 -30 -940,-980,-30,-940,-940,-908,"-951,-21,-893:1;-974,-31,-926:3;-923,-33,-934:1;-992,-21,-931:2",added
1051,3889611702,38249350070,8,/tp @s 231 11 752,no,4,8,12,62.145,608.679,612.344,11,786.68,/tp @s 231 11 752,231,11,752,260,772,"286,8,755:2;293,8,755:2;286,8,748:2;238,6,763:2",added
1052,3898354239,218646719039,50,/tp @s -1388 23 -191,no,6,6,12,29.223,697.379,759.373,23,1401.08,/tp @s -1388 23 -191,-1388,23,-191,-1388,-172,"-1382,22,-173:2;-1365,22,-173:2;-1364,20,-184:2",added
1053,3901578496,,,,yes,5,7,12,76.948,343.104,356.584,-49,1003.498,/tp @s -932 -49 -372,-932,-49,-372,-876,-412,"-858,-38,-390:1;-915,-44,-395:2;-915,-56,-355:2;-885,-36,-422:2",added
1054,3909561463,248722697335,57,/tp @s 515 5 -916,no,7,5,12,70.043,311.554,393.383,5,1050.848,/tp @s 515 5 -916,515,5,-916,548,-940,"567,0,-943:2;584,4,-928:1;523,-2,-907:2",added
1055,3911959094,38271697462,8,/tp @s 117 -7 -1376,no,7,5,12,91.225,591.046,657.185,-7,1380.965,/tp @s 117 -7 -1376,117,-7,-1376,164,-1404,"172,6,-1408:2;157,8,-1397:1;205,0,-1399:2",added
1056,3914298509,12504233101,2,/tp @s 350 17 -774,no,5,7,12,44.204,358.411,361.598,17,849.456,/tp @s 350 17 -774,350,17,-774,372,-748,"340,10,-739:2;337,16,-767:2;394,14,-771:1;340,10,-734:2",added
1057,3918138925,8213106221,1,/tp @s -543 -6 752,no,6,6,12,52.355,582.815,628.243,-6,927.552,/tp @s -543 -6 752,-543,-6,752,-492,772,"-517,-7,758:2;-491,-7,758:2;-497,-7,763:1;-528,-7,782:1",added
1058,3918501237,68343010677,15,/tp @s 723 43 1296,no,6,6,12,25.04,189.898,193.270,43,1484.03,/tp @s 723 43 1296,723,43,1296,756,1252,"724,42,1271:2;732,42,1281:2;740,34,1288:1;703,44,1288:1",added
1059,3927039731,149955927795,34,/tp @s -436 -35 1215,no,8,4,12,62.594,34.289,164.448,-35,1290.861,/tp @s -436 -35 1215,-436,-35,1215,-396,1236,"-401,-24,1215:2;-407,-24,1180:1;-443,-30,1153:1",added
1060,3937139849,21117009033,4,/tp @s -495 0 -946,no,8,4,12,55.552,302.010,387.014,0,1067.68,/tp @s -495 0 -946,-495,0,-946,-460,-908,"-460,7,-924:2;-494,13,-892:1;-468,1,-932:1",added
1061,3939467679,8234434975,1,/tp @s 239 35 -1339,no,8,4,12,38.807,179.092,246.318,35,1360.162,/tp @s 239 35 -1339,239,35,-1339,276,-1308,"224,28,-1313:1;242,18,-1329:1;258,16,-1311:2",added
1062,3939787681,8234754977,1,/tp @s 1305 -30 715,no,8,4,12,88.125,471.085,549.413,-30,1488.036,/tp @s 1305 -30 715,1305,-30,715,1284,740,"1309,-37,714:2;1282,-29,769:1;1262,-51,789:1",added
1063,3941375896,16826277784,3,/tp @s 1274 -46 372,no,5,7,12,120.379,2.512,46.041,-46,1327.2,/tp @s 1274 -46 372,1274,-46,372,1268,292,"1280,-35,330:2;1253,-27,255:1;1288,-41,325:2;1294,-41,313:2",added
1064,3949065626,,,,yes,8,4,12,32.094,197.072,208.151,-23,1455.455,/tp @s -1443 -23 190,-1443,-23,190,-1420,148,"-1427,-22,166:3;-1413,-20,179:1",added
1065,3951794994,59786369842,13,/tp @s 255 -28 -1458,no,7,5,12,101.277,131.875,181.020,-28,1480.131,/tp @s 255 -28 -1458,255,-28,-1458,196,-1548,"224,-17,-1542:1;233,-15,-1556:2;272,-17,-1531:1;254,-17,-1519:1",added
1066,3952878958,59787453806,13,/tp @s -274 -43 -1311,no,7,5,12,103.822,105.538,232.771,-43,1339.327,/tp @s -274 -43 -1311,-274,-43,-1311,-236,-1356,"-220,-42,-1349:1;-191,-30,-1372:2;-213,-38,-1349:2",added
1067,3958844305,34023615377,7,/tp @s 1189 38 26,no,7,6,13,26.268,575.750,678.145,38,1189.284,/tp @s 1189 38 26,1189,38,26,1204,68,"1206,37,46:1;1199,37,36:2;1191,23,41:1;1211,37,23:2",added
1068,3963766274,,,,yes,6,6,12,24.29,16.184,56.964,0,1394.559,/tp @s -1387 0 145,-1387,0,145,-1404,100,"-1390,13,138:2;-1383,-13,129:1;-1399,-13,132:2;-1377,7,166:1",added
1069,3972340692,21152209876,4,/tp @s 719 -14 707,no,9,3,12,43.841,134.885,264.118,-14,1008.37,/tp @s 719 -14 707,719,-14,707,692,724,"758,-13,720:1;758,-13,727:2",added
1070,3974031946,,,,yes,7,5,12,71.624,272.250,332.154,2,1225.021,/tp @s 1121 2 -494,1121,2,-494,1140,-524,"1127,1,-507:2;1104,7,-525:1;1173,-3,-543:2",added
1071,3974806526,3974806526,0,/tp @s -843 -39 -321,no,6,6,12,28.036,531.590,631.519,-39,902.048,/tp @s -843 -39 -321,-843,-39,-321,-860,-364,"-853,-36,-339:2;-820,-40,-337:2;-829,-40,-327:2",added
1072,3976504352,,,,yes,7,5,12,61.294,290.831,295.437,-36,889.038,/tp @s -362 -36 812,-362,-36,812,-332,852,"-339,-25,854:1;-356,-25,855:1;-356,-25,872:1;-317,-27,848:2",added
1073,3978617965,,,,yes,7,5,12,51.981,603.875,721.424,7,851.806,/tp @s -802 7 287,-802,7,287,-796,276,"-824,6,257:1;-838,6,266:1;-812,6,236:3",added
1074,3979687325,,,,yes,7,5,12,59.825,80.911,175.172,-7,868.242,/tp @s -791 -7 358,-791,-7,358,-812,372,"-813,-12,320:2;-811,-8,353:1;-846,-12,335:2",added
1075,3980145066,25454981546,5,/tp @s 16 -37 1342,no,7,5,12,42.45,678.896,764.547,-37,1342.095,/tp @s 16 -37 1342,16,-37,1342,68,1316,"51,-38,1318:1;35,-38,1323:2;35,-38,1337:2",added
1076,3980415316,3980415316,0,/tp @s 206 16 760,no,8,4,12,44.159,501.115,620.415,16,787.424,/tp @s 206 16 760,206,16,760,212,836,"216,15,803:1;209,15,803:2;205,29,754:1",added
1077,3984115151,,,,yes,7,5,12,61.106,99.911,152.823,38,1047.313,/tp @s 616 38 -847,616,38,-847,628,-892,"582,25,-890:2;615,25,-883:2;627,-5,-889:1",added
1078,3984335074,,,,yes,5,7,12,39.674,128.645,207.807,-31,849.148,/tp @s -213 -31 822,-213,-31,822,-236,852,"-219,-32,854:2;-224,-28,860:2;-206,-32,853:1;-196,-32,831:2",added
1079,3987612075,8282579371,1,/tp @s 1201 -32 199,no,7,5,12,51.74,1060.007,1166.798,-32,1217.375,/tp @s 1201 -32 199,1201,-32,199,1172,228,"1202,-23,231:1;1153,-25,217:2;1191,-31,199:2",added
1080,3990090057,38349828425,8,/tp @s -1445 17 271,no,6,6,12,38.288,182.576,192.841,17,1470.193,/tp @s -1445 17 271,-1445,17,271,-1452,292,"-1424,18,299:1;-1432,18,307:2;-1454,12,291:2;-1415,12,291:1",added
1081,3998533651,29768337427,6,/tp @s -928 -19 195,no,7,5,12,92.244,579.056,630.915,-19,948.266,/tp @s -928 -19 195,-928,-19,195,-908,116,"-890,-16,111:1;-913,-16,151:1;-935,-20,165:1;-927,-20,170:2",added
1082,4004542134,25479378614,5,/tp @s -1311 -5 -340,no,6,6,12,67.186,719.211,744.465,-5,1354.371,/tp @s -1311 -5 -340,-1311,-5,-340,-1308,-380,"-1283,-8,-401:3;-1308,-12,-337:2;-1271,-2,-355:1",added
1083,4005264670,46954937630,10,/tp @s 1187 -20 383,no,4,8,12,40.522,550.070,591.681,-20,1247.26,/tp @s 1187 -20 383,1187,-20,383,1188,372,"1184,-7,380:2;1168,-7,370:2;1172,-9,347:2;1186,-27,399:2",added
1084,4009371651,98498652163,22,/tp @s -1341 7 -232,no,5,7,12,45.111,145.711,252.785,7,1360.921,/tp @s -1341 7 -232,-1341,7,-232,-1372,-236,"-1334,10,-218:1;-1327,10,-218:2;-1306,-2,-205:2;-1318,10,-199:2",added
1085,4010900235,25485736715,5,/tp @s 180 12 -797,no,5,7,12,90.3,0.000,53.138,12,817.073,/tp @s 180 12 -797,180,12,-797,180,-860,"139,21,-871:2;180,23,-813:1;188,25,-886:2;149,15,-850:2",added
1086,4012164588,25487001068,5,/tp @s 1200 -7 -353,no,8,4,12,43.612,160.444,211.015,-7,1250.843,/tp @s 1200 -7 -353,1200,-7,-353,1204,-364,"1192,0,-338:2;1157,0,-351:2",added
1087,4012834482,,,,yes,8,4,12,127.566,429.543,503.329,21,956.49,/tp @s -917 21 272,-917,21,272,-860,308,"-876,14,256:1;-864,14,244:1;-834,12,249:1;-791,2,278:1",added
1088,4012887214,16897789102,3,/tp @s -865 -12 206,no,9,3,12,55.552,618.818,763.850,-12,889.191,/tp @s -865 -12 206,-865,-12,206,-924,212,"-918,-3,220:1;-896,-5,214:1;-904,-5,222:1",added
1089,4013829952,16898731840,3,/tp @s -814 7 -317,no,6,6,12,95.488,293.674,297.670,7,873.547,/tp @s -814 7 -317,-814,7,-317,-812,-348,"-815,10,-371:2;-883,6,-377:1;-880,6,-386:1;-831,-2,-332:2",added
1090,4014201367,,,,yes,5,7,12,53.944,231.972,273.383,6,1054.75,/tp @s -1043 6 157,-1043,6,157,-988,132,"-1034,5,135:1;-1049,5,144:2;-1056,5,144:2;-1062,-1,107:2",added
1091,4017357452,4017357452,0,/tp @s 835 17 -336,no,7,5,12,71.687,189.081,240.361,17,900.067,/tp @s 835 17 -336,835,17,-336,900,-364,"858,6,-269:1;884,6,-297:1;853,8,-281:2;855,12,-293:1",added
1092,4019008031,,,,yes,4,9,13,82.498,405.219,409.447,-11,1231.935,/tp @s 48 -11 1231,48,-11,1231,52,1268,"64,-6,1276:3;57,-10,1252:1;97,-18,1297:3;30,-26,1242:2",added
1093,4019197480,4019197480,0,/tp @s 1279 18 238,no,6,6,12,64.203,122.091,172.156,18,1300.955,/tp @s 1279 18 238,1279,18,238,1332,196,"1313,13,219:1;1340,17,218:1;1312,17,202:2;1283,17,208:2",added
1094,4024648134,381981770182,88,/tp @s 1306 -12 -403,no,5,7,12,105.617,241.964,302.671,-12,1366.764,/tp @s 1306 -12 -403,1306,-12,-403,1300,-428,"1293,-1,-427:1;1297,-3,-487:1;1313,-3,-508:2;1328,-7,-412:3",added
1095,4038372912,77052816944,17,/tp @s 1260 -20 627,no,8,4,12,43.301,226.693,230.318,-20,1407.384,/tp @s 1260 -20 627,1260,-20,627,1284,660,"1275,-29,637:1;1259,-25,670:1;1255,-29,624:1;1292,-29,630:1",added
1096,4040455953,,,,yes,7,5,12,66.468,203.793,243.010,-18,840.387,/tp @s -325 -18 775,-325,-18,775,-316,804,"-325,-19,795:1;-337,-25,840:2;-335,-31,783:2",added
1097,4045876138,,,,yes,6,6,12,53.563,233.635,364.122,-42,847.1,/tp @s 797 -42 -287,797,-42,-287,804,-300,"785,-29,-298:3;806,-33,-331:1;819,-43,-294:1;819,-33,-335:1",added
1098,4046369981,,,,yes,8,4,12,49.528,530.767,535.295,29,1118.8,/tp @s 712 29 -863,712,29,-863,740,-860,"758,38,-847:2;741,42,-876:1;687,36,-839:1",added
1099,4047262323,16932164211,3,/tp @s -469 3 735,no,7,5,12,80.112,186.186,249.482,3,871.886,/tp @s -469 3 735,-469,3,735,-428,740,"-406,0,782:1;-405,8,774:2;-389,6,738:2",added
1100,4048938022,734193378342,170,/tp @s -310 7 -1396,no,7,5,12,66.656,125.830,245.607,7,1430.006,/tp @s -310 7 -1396,-310,7,-1396,-332,-1420,"-346,6,-1384:2;-323,0,-1461:2;-317,6,-1384:1",added
1101,4051764755,12641699347,2,/tp @s 185 23 -1414,no,7,5,12,48.642,474.904,571.436,23,1426.051,/tp @s 185 23 -1414,185,23,-1414,196,-1372,"186,28,-1388:2;179,22,-1399:2;159,26,-1373:1",added
1102,4055948365,29825752141,6,/tp @s -1007 36 158,no,6,6,12,38.223,269.532,313.123,36,1019.32,/tp @s -1007 36 158,-1007,36,158,-1004,100,"-1016,39,124:2;-991,43,124:1;-1018,41,135:2;-1017,39,146:1",added
1103,4064210788,4064210788,0,/tp @s -774 -3 873,no,6,6,12,60.514,141.372,179.919,-3,1166.707,/tp @s -774 -3 873,-774,-3,873,-796,852,"-788,4,842:1;-781,4,842:2;-784,0,861:2;-812,0,826:1",added
1104,4070758449,68495267889,15,/tp @s -368 2 -1369,no,8,4,12,39.937,298.310,344.897,2,1417.598,/tp @s -368 2 -1369,-368,2,-1369,-332,-1420,"-353,1,-1406:1;-345,1,-1401:1;-345,1,-1394:1;-360,1,-1406:1",added
1105,4074566079,528060576191,122,/tp @s 1087 9 245,no,6,6,12,45.902,384.660,489.054,9,1114.268,/tp @s 1087 9 245,1087,9,245,1092,276,"1100,16,275:2;1084,6,282:1;1060,6,282:2;1091,6,282:1",added
1106,4075946879,16960848767,3,/tp @s 744 40 -352,no,6,6,12,34.249,711.366,714.837,40,823.067,/tp @s 744 40 -352,744,40,-352,772,-332,"748,41,-333:3;730,41,-326:1;740,41,-318:1;725,41,-361:1",added
1107,4081580610,4081580610,0,/tp @s 796 -8 -399,no,7,5,12,41.929,30.672,95.404,-8,890.403,/tp @s 796 -8 -399,796,-8,-399,788,-444,"811,-7,-415:3;821,-7,-425:1;818,-1,-434:1",added
1108,4084278659,,,,yes,7,5,12,104.79,409.858,488.164,40,926.678,/tp @s -842 40 387,-842,40,387,-844,292,"-866,39,285:1;-833,39,372:1;-872,43,343:2;-879,43,343:1",added
1109,4088661430,266081666486,61,/tp @s 730 -30 -963,no,8,4,12,78.013,413.752,416.836,-30,1208.416,/tp @s 730 -30 -963,730,-30,-963,724,-972,"675,-37,-928:1;776,-31,-1026:1;770,-27,-1006:2",added
1110,4088942475,4088942475,0,/tp @s -225 4 -999,no,6,6,12,41.122,201.426,282.377,4,1024.024,/tp @s -225 4 -999,-225,4,-999,-268,-1004,"-266,3,-996:2;-237,-7,-1008:2;-219,3,-980:1;-208,-7,-1024:1",added
1111,4096014905,29865818681,6,/tp @s 207 -14 -831,no,7,6,13,51.41,122.918,127.094,-14,856.394,/tp @s 207 -14 -831,207,-14,-831,148,-812,"201,-15,-810:2;210,-21,-837:2;170,-21,-796:1;195,-21,-854:1",added
1112,4099874577,197373402897,45,/tp @s 62 13 -867,no,7,5,12,97.273,201.096,265.850,13,869.214,/tp @s 62 13 -867,62,13,-867,84,-892,"68,12,-886:2;68,12,-880:1;113,2,-889:1;153,8,-901:1",added
1113,4102882030,4102882030,0,/tp @s 218 22 -1408,no,6,6,12,57.393,228.285,369.425,22,1424.776,/tp @s 218 22 -1408,218,22,-1408,260,-1404,"251,25,-1414:1;268,25,-1414:2;275,25,-1414:1;255,21,-1420:2",added
1114,4104194081,4104194081,0,/tp @s -1055 36 138,no,6,6,12,38.236,210.391,250.135,36,1063.987,/tp @s -1055 36 138,-1055,36,138,-1084,164,"-1084,43,132:1;-1059,43,132:3;-1046,21,104:2",added
1115,4107849104,,,,yes,6,6,12,63.545,64.462,168.456,1,986.69,/tp @s 186 1 -969,186,1,-969,212,-988,"189,10,-962:1;183,4,-957:1;248,6,-956:2;189,10,-938:2",added
1116,4111313746,12701248338,2,/tp @s 1284 12 161,no,7,5,12,41.988,513.451,598.829,12,1294.054,/tp @s 1284 12 161,1284,12,161,1236,196,"1262,11,154:1;1281,11,147:2;1317,5,136:2",added
1117,4120381032,72839857768,16,/tp @s 1285 -16 721,no,8,4,12,58.395,570.485,608.353,-16,1473.454,/tp @s 1285 -16 721,1285,-16,721,1236,708,"1279,-23,712:2;1287,-23,717:1;1341,-23,706:1",added
1118,4121346248,4121346248,0,/tp @s 1163 -31 -785,no,8,4,12,83.361,594.897,618.801,-31,1403.137,/tp @s 1163 -31 -785,1163,-31,-785,1188,-812,"1246,-34,-787:1;1205,-30,-857:2;1218,-30,-834:1",added
1119,4130041292,4130041292,0,/tp @s -412 37 1424,no,7,5,12,65.192,468.552,614.425,37,1482.403,/tp @s -412 37 1424,-412,37,1424,-364,1460,"-385,38,1420:2;-349,32,1408:2;-413,30,1397:1",added
1120,4133295029,,,,yes,8,4,12,56.798,308.186,350.777,32,936.296,/tp @s -275 32 -895,-275,32,-895,-236,-924,"-254,41,-947:1;-260,23,-923:3",added
1121,4138141742,17023043630,3,/tp @s 735 -1 -1282,no,5,7,12,111.081,25.250,109.572,-1,1477.751,/tp @s 735 -1 -1282,735,-1,-1282,740,-1340,"718,-2,-1275:1;756,-10,-1329:2;759,-2,-1288:2;768,-16,-1387:2",added
1122,4139961486,,,,yes,8,4,12,79.586,113.223,116.739,-24,861.247,/tp @s 835 -24 211,835,-24,211,820,164,"840,-13,166:1;834,-13,171:1;822,-15,133:1;826,-25,196:1",added
1123,4143521969,25618358449,5,/tp @s 212 35 -1409,no,6,6,12,53.498,204.916,294.648,35,1424.86,/tp @s 212 35 -1409,212,35,-1409,276,-1420,"255,34,-1388:2;265,28,-1411:2;246,34,-1392:2",added
1124,4143746655,8438713951,1,/tp @s -314 30 762,no,7,5,12,64.545,468.075,527.923,30,824.16,/tp @s -314 30 762,-314,30,762,-316,724,"-343,29,764:2;-359,35,716:2;-319,35,755:1",added
1125,4152274916,47101947876,10,/tp @s -866 27 694,no,5,7,12,67.72,264.980,268.422,27,1109.771,/tp @s -866 27 694,-866,27,694,-844,660,"-874,26,659:1;-879,26,683:2;-910,20,643:2;-906,20,714:2",added
1126,4159075851,51403716107,11,/tp @s 178 -9 -1434,no,6,6,12,86.891,223.418,367.719,-9,1445.005,/tp @s 178 -9 -1434,178,-9,-1434,148,-1500,"194,2,-1512:1;216,2,-1495:1;216,-4,-1502:2;196,-10,-1519:2",added
1127,4163738709,128717790293,29,/tp @s -795 -40 -197,no,6,6,12,70.689,186.733,243.979,-40,819.045,/tp @s -795 -40 -197,-795,-40,-197,-812,-236,"-792,-43,-251:1;-791,-41,-225:2;-825,-41,-261:2;-799,-47,-264:1",added
1128,4165136350,59999711198,13,/tp @s -338 -25 -1422,no,5,7,12,59.624,167.582,236.774,-25,1461.618,/tp @s -338 -25 -1422,-338,-25,-1422,-300,-1452,"-325,-26,-1435:2;-288,-22,-1449:2;-281,-16,-1407:1;-318,-26,-1421:2",added
1129,4166058530,,,,yes,5,7,12,86.585,86.798,106.530,-28,1096.586,/tp @s -865 -28 674,-865,-28,674,-828,644,"-858,-29,662:1;-853,-27,640:2;-810,-29,690:2;-789,-39,634:2",added
1130,4167420600,8462387896,1,/tp @s 759 2 -896,no,6,7,13,56.824,202.348,251.924,2,1174.264,/tp @s 759 2 -896,759,2,-896,756,-892,"793,23,-879:2;798,13,-910:3;801,23,-864:2",added
1131,4171447769,4171447769,0,/tp @s 383 23 -902,no,6,6,12,89.051,77.202,163.394,23,979.945,/tp @s 383 23 -902,383,23,-902,356,-892,"340,16,-875:2;364,18,-857:2;402,20,-838:1;308,22,-854:1",added
1132,4177700495,111551882895,25,/tp @s -1409 2 279,no,6,6,12,89.683,672.937,757.292,2,1436.357,/tp @s -1409 2 279,-1409,2,279,-1420,276,"-1418,-1,308:3;-1433,-1,288:1;-1498,3,268:1;-1422,1,266:1",added
1133,4191917078,77206361110,17,/tp @s 1296 -40 218,no,6,6,12,43.023,25.769,140.873,-40,1314.207,/tp @s 1296 -40 218,1296,-40,218,1268,180,"1263,-45,197:1;1297,-41,182:2;1316,-41,197:1;1297,-41,175:2",added
1134,4201050422,4201050422,0,/tp @s -387 17 -1422,no,7,5,12,72.153,126.272,165.883,17,1473.721,/tp @s -387 17 -1422,-387,17,-1422,-348,-1436,"-416,20,-1488:2;-415,26,-1458:2;-375,14,-1467:1",added
1135,4201190417,8496157713,1,/tp @s 122 29 -785,no,4,8,12,45.188,118.272,200.205,29,794.424,/tp @s 122 29 -785,122,29,-785,164,-812,"147,28,-784:2;162,28,-764:2;133,28,-764:2;143,28,-756:2",added
1136,4202995553,21382864737,4,/tp @s 53 13 -896,no,6,6,12,37.014,0.625,69.279,13,897.566,/tp @s 53 13 -896,53,13,-896,100,-892,"89,6,-891:1;70,12,-923:1;85,12,-913:1;36,10,-886:3",added
1137,4206968463,128761020047,29,/tp @s -1435 -53 -370,no,5,7,12,59.615,100.807,182.866,-53,1481.933,/tp @s -1435 -53 -370,-1435,-53,-370,-1436,-412,"-1397,-52,-357:2;-1409,-52,-384:2;-1487,-50,-341:2;-1470,-50,-329:1",added
1138,4217360929,4217360929,0,/tp @s 697 30 757,no,7,5,12,56.719,185.125,279.031,30,1029.008,/tp @s 697 30 757,697,30,757,708,708,"697,39,701:1;688,29,742:2;683,29,747:2",added
1139,4218721269,,,,yes,4,9,13,83.821,256.535,310.591,-43,832.556,/tp @s 155 -43 -818,155,-43,-818,180,-844,"162,-36,-835:1;223,-44,-867:2;182,-44,-762:3;168,-34,-865:3",added
1140,4228805385,,,,yes,7,5,12,58.043,356.367,506.581,21,1027.605,/tp @s 406 21 -944,406,21,-944,372,-972,"407,20,-958:1;404,20,-1002:2;410,-4,-958:2",added
1141,4229335863,,,,yes,8,4,12,100.175,89.319,267.378,23,757.446,/tp @s 229 23 -722,229,23,-722,276,-732,"261,22,-721:1;271,22,-713:1;328,20,-707:2",added
1142,4230371346,4230371346,0,/tp @s -468 -6 -773,no,8,4,12,35.143,340.752,372.246,-6,903.633,/tp @s -468 -6 -773,-468,-6,-773,-492,-764,"-465,-7,-738:3;-458,-7,-762:1",added
1143,4233856568,17118758456,3,/tp @s 623 -24 719,no,4,8,12,127.758,461.907,529.863,-24,951.362,/tp @s 623 -24 719,623,-24,719,644,676,"617,-25,695:2;634,-45,690:3;627,-45,704:2;735,-47,662:1",added
1144,4239123689,60073698537,13,/tp @s 747 -40 639,no,7,5,12,71.568,6.625,84.924,-40,983.021,/tp @s 747 -40 639,747,-40,639,804,596,"786,-41,605:1;786,-39,579:2;758,-41,590:2",added
1145,4239154453,21419023637,4,/tp @s 646 39 -799,no,5,7,12,64.039,0.000,45.737,39,1027.481,/tp @s 646 39 -799,646,39,-799,676,-812,"639,38,-787:2;710,40,-801:2;663,32,-830:1;626,38,-782:2",added
1146,4243177217,21423046401,4,/tp @s 267 7 1281,no,7,5,12,83.313,249.332,349.192,7,1308.53,/tp @s 267 7 1281,267,7,1281,276,1300,"268,10,1323:1;301,10,1357:2;343,16,1291:2",added
1147,4244455319,,,,yes,6,6,12,70.838,390.162,422.769,-9,1124.004,/tp @s -816 -9 773,-816,-9,773,-812,708,"-811,-8,727:2;-833,-2,707:2;-798,-6,734:1;-845,0,709:1",added
1148,4253653008,,,,yes,7,5,12,79.912,336.752,391.633,-4,1119.602,/tp @s -545 -4 -978,-545,-4,-978,-508,-1004,"-588,-29,-992:2;-568,-29,-997:2;-589,-31,-917:1",added
1149,4265308759,8560276055,1,/tp @s 705 -34 670,no,6,6,12,62.658,595.980,669.667,-34,972.587,/tp @s 705 -34 670,705,-34,670,740,692,"709,-41,667:1;732,-41,630:2;650,-49,644:3",added
1150,4267935516,4267935516,0,/tp @s 117 -9 798,no,7,6,13,70.605,417.752,463.175,-9,806.531,/tp @s 117 -9 798,117,-9,798,52,788,"79,-20,777:1;113,-16,786:2;47,-16,804:2;99,-28,777:1",added
1151,4271289671,133120308551,30,/tp @s 743 19 1131,no,6,6,12,74.572,159.812,217.570,19,1353.222,/tp @s 743 19 1131,743,19,1131,740,1140,"743,24,1115:1;737,26,1078:2;737,26,1057:1;697,20,1094:2",added
1152,4272196068,8567163364,1,/tp @s -470 -38 -713,no,8,4,12,21.19,372.018,404.711,-38,853.972,/tp @s -470 -38 -713,-470,-38,-713,-460,-748,"-470,-31,-733:1;-470,-31,-726:1;-455,-31,-716:2",added
1153,4273691033,4273691033,0,/tp @s 729 28 654,no,6,6,12,76.25,269.302,352.140,28,979.366,/tp @s 729 28 654,729,28,654,772,676,"751,27,648:2;744,27,674:2;774,19,624:1;803,21,671:1",added
1154,4276057013,176074748853,40,/tp @s 784 -39 1213,no,6,6,12,37.229,153.796,258.425,-39,1444.308,/tp @s 784 -39 1213,784,-39,1213,740,1188,"803,-40,1181:1;756,-36,1204:2;798,-46,1183:2;783,-52,1181:1",added
1155,4285152499,21465021683,4,/tp @s -352 0 1235,no,6,6,12,26.325,284.087,382.297,0,1284.184,/tp @s -352 0 1235,-352,0,1235,-332,1252,"-360,-9,1238:1;-360,-15,1225:1;-364,-15,1251:2;-370,-15,1223:2",added
1156,4288408570,,,,yes,6,6,12,57.42,291.783,295.959,16,781.108,/tp @s 713 16 -319,713,16,-319,772,-332,"765,25,-336:1;705,9,-312:1;759,11,-285:2;713,9,-300:2",added
1157,4290621096,25765457576,5,/tp @s -746 -29 -892,no,4,8,12,71.847,346.266,380.100,-29,1162.833,/tp @s -746 -29 -892,-746,-29,-892,-732,-876,"-745,-30,-878:1;-740,-30,-870:1;-706,-28,-847:3;-690,-28,-847:3",added
